architecture_name,summary,run_number,epoch,training_acc,training_f1,training_loss,val_acc,val_f1,val_loss,vocab_size,embedding_dim,epochs,batch_size,lemmatize,stem,remove_stopwords,custom_stopwords,selection_metric,f1_type,use_class_weights
test_1019_1254,"{'name': 'sequential_1', 'trainable': True, 'dtype': 'float32', 'layers': [{'module': 'keras.layers', 'class_name': 'InputLayer', 'config': {'batch_shape': (None, 45), 'dtype': 'float32', 'sparse': False, 'name': 'input_layer'}, 'registered_name': None}, {'module': 'keras.layers', 'class_name': 'Embedding', 'config': {'name': 'embedding', 'trainable': True, 'dtype': 'float32', 'input_dim': 501, 'output_dim': 256, 'embeddings_initializer': {'module': 'keras.initializers', 'class_name': 'RandomUniform', 'config': {'minval': -0.05, 'maxval': 0.05, 'seed': None}, 'registered_name': None}, 'embeddings_regularizer': None, 'activity_regularizer': None, 'embeddings_constraint': None, 'mask_zero': False}, 'registered_name': None, 'build_config': {'input_shape': (None, 45)}}, {'module': 'keras.layers', 'class_name': 'GlobalMaxPooling1D', 'config': {'name': 'global_max_pooling1d', 'trainable': True, 'dtype': 'float32', 'data_format': 'channels_last', 'keepdims': False}, 'registered_name': None, 'build_config': {'input_shape': (None, 45, 256)}}, {'module': 'keras.layers', 'class_name': 'Dense', 'config': {'name': 'dense', 'trainable': True, 'dtype': 'float32', 'units': 22, 'activation': 'softmax', 'use_bias': True, 'kernel_initializer': {'module': 'keras.initializers', 'class_name': 'GlorotUniform', 'config': {'seed': None}, 'registered_name': None}, 'bias_initializer': {'module': 'keras.initializers', 'class_name': 'Zeros', 'config': {}, 'registered_name': None}, 'kernel_regularizer': None, 'bias_regularizer': None, 'kernel_constraint': None, 'bias_constraint': None}, 'registered_name': None, 'build_config': {'input_shape': (None, 256)}}], 'build_input_shape': (None, 45)}",1,1,0.8038253784179688,0.20525707304477692,3.1807355880737305,0.8288888931274414,0.3515940010547638,2.667975425720215,500,256,10,32,False,False,False,,accuracy,macro,True
test_1019_1254,"{'name': 'sequential_1', 'trainable': True, 'dtype': 'float32', 'layers': [{'module': 'keras.layers', 'class_name': 'InputLayer', 'config': {'batch_shape': (None, 45), 'dtype': 'float32', 'sparse': False, 'name': 'input_layer'}, 'registered_name': None}, {'module': 'keras.layers', 'class_name': 'Embedding', 'config': {'name': 'embedding', 'trainable': True, 'dtype': 'float32', 'input_dim': 501, 'output_dim': 256, 'embeddings_initializer': {'module': 'keras.initializers', 'class_name': 'RandomUniform', 'config': {'minval': -0.05, 'maxval': 0.05, 'seed': None}, 'registered_name': None}, 'embeddings_regularizer': None, 'activity_regularizer': None, 'embeddings_constraint': None, 'mask_zero': False}, 'registered_name': None, 'build_config': {'input_shape': (None, 45)}}, {'module': 'keras.layers', 'class_name': 'GlobalMaxPooling1D', 'config': {'name': 'global_max_pooling1d', 'trainable': True, 'dtype': 'float32', 'data_format': 'channels_last', 'keepdims': False}, 'registered_name': None, 'build_config': {'input_shape': (None, 45, 256)}}, {'module': 'keras.layers', 'class_name': 'Dense', 'config': {'name': 'dense', 'trainable': True, 'dtype': 'float32', 'units': 22, 'activation': 'softmax', 'use_bias': True, 'kernel_initializer': {'module': 'keras.initializers', 'class_name': 'GlorotUniform', 'config': {'seed': None}, 'registered_name': None}, 'bias_initializer': {'module': 'keras.initializers', 'class_name': 'Zeros', 'config': {}, 'registered_name': None}, 'kernel_regularizer': None, 'bias_regularizer': None, 'kernel_constraint': None, 'bias_constraint': None}, 'registered_name': None, 'build_config': {'input_shape': (None, 256)}}], 'build_input_shape': (None, 45)}",1,2,0.8195194005966187,0.41048890352249146,2.857259750366211,0.8766666650772095,0.4192177951335907,2.320413589477539,500,256,10,32,False,False,False,,accuracy,macro,True
test_1019_1254,"{'name': 'sequential_1', 'trainable': True, 'dtype': 'float32', 'layers': [{'module': 'keras.layers', 'class_name': 'InputLayer', 'config': {'batch_shape': (None, 45), 'dtype': 'float32', 'sparse': False, 'name': 'input_layer'}, 'registered_name': None}, {'module': 'keras.layers', 'class_name': 'Embedding', 'config': {'name': 'embedding', 'trainable': True, 'dtype': 'float32', 'input_dim': 501, 'output_dim': 256, 'embeddings_initializer': {'module': 'keras.initializers', 'class_name': 'RandomUniform', 'config': {'minval': -0.05, 'maxval': 0.05, 'seed': None}, 'registered_name': None}, 'embeddings_regularizer': None, 'activity_regularizer': None, 'embeddings_constraint': None, 'mask_zero': False}, 'registered_name': None, 'build_config': {'input_shape': (None, 45)}}, {'module': 'keras.layers', 'class_name': 'GlobalMaxPooling1D', 'config': {'name': 'global_max_pooling1d', 'trainable': True, 'dtype': 'float32', 'data_format': 'channels_last', 'keepdims': False}, 'registered_name': None, 'build_config': {'input_shape': (None, 45, 256)}}, {'module': 'keras.layers', 'class_name': 'Dense', 'config': {'name': 'dense', 'trainable': True, 'dtype': 'float32', 'units': 22, 'activation': 'softmax', 'use_bias': True, 'kernel_initializer': {'module': 'keras.initializers', 'class_name': 'GlorotUniform', 'config': {'seed': None}, 'registered_name': None}, 'bias_initializer': {'module': 'keras.initializers', 'class_name': 'Zeros', 'config': {}, 'registered_name': None}, 'kernel_regularizer': None, 'bias_regularizer': None, 'kernel_constraint': None, 'bias_constraint': None}, 'registered_name': None, 'build_config': {'input_shape': (None, 256)}}], 'build_input_shape': (None, 45)}",1,3,0.8921039700508118,0.5267600417137146,2.4885730743408203,0.8844444155693054,0.42554399371147156,1.8967869281768799,500,256,10,32,False,False,False,,accuracy,macro,True
test_1019_1254,"{'name': 'sequential_1', 'trainable': True, 'dtype': 'float32', 'layers': [{'module': 'keras.layers', 'class_name': 'InputLayer', 'config': {'batch_shape': (None, 45), 'dtype': 'float32', 'sparse': False, 'name': 'input_layer'}, 'registered_name': None}, {'module': 'keras.layers', 'class_name': 'Embedding', 'config': {'name': 'embedding', 'trainable': True, 'dtype': 'float32', 'input_dim': 501, 'output_dim': 256, 'embeddings_initializer': {'module': 'keras.initializers', 'class_name': 'RandomUniform', 'config': {'minval': -0.05, 'maxval': 0.05, 'seed': None}, 'registered_name': None}, 'embeddings_regularizer': None, 'activity_regularizer': None, 'embeddings_constraint': None, 'mask_zero': False}, 'registered_name': None, 'build_config': {'input_shape': (None, 45)}}, {'module': 'keras.layers', 'class_name': 'GlobalMaxPooling1D', 'config': {'name': 'global_max_pooling1d', 'trainable': True, 'dtype': 'float32', 'data_format': 'channels_last', 'keepdims': False}, 'registered_name': None, 'build_config': {'input_shape': (None, 45, 256)}}, {'module': 'keras.layers', 'class_name': 'Dense', 'config': {'name': 'dense', 'trainable': True, 'dtype': 'float32', 'units': 22, 'activation': 'softmax', 'use_bias': True, 'kernel_initializer': {'module': 'keras.initializers', 'class_name': 'GlorotUniform', 'config': {'seed': None}, 'registered_name': None}, 'bias_initializer': {'module': 'keras.initializers', 'class_name': 'Zeros', 'config': {}, 'registered_name': None}, 'kernel_regularizer': None, 'bias_regularizer': None, 'kernel_constraint': None, 'bias_constraint': None}, 'registered_name': None, 'build_config': {'input_shape': (None, 256)}}], 'build_input_shape': (None, 45)}",1,4,0.8967631459236145,0.5418861508369446,2.031449317932129,0.8844444155693054,0.45702263712882996,1.4598400592803955,500,256,10,32,False,False,False,,accuracy,macro,True
test_1019_1254,"{'name': 'sequential_1', 'trainable': True, 'dtype': 'float32', 'layers': [{'module': 'keras.layers', 'class_name': 'InputLayer', 'config': {'batch_shape': (None, 45), 'dtype': 'float32', 'sparse': False, 'name': 'input_layer'}, 'registered_name': None}, {'module': 'keras.layers', 'class_name': 'Embedding', 'config': {'name': 'embedding', 'trainable': True, 'dtype': 'float32', 'input_dim': 501, 'output_dim': 256, 'embeddings_initializer': {'module': 'keras.initializers', 'class_name': 'RandomUniform', 'config': {'minval': -0.05, 'maxval': 0.05, 'seed': None}, 'registered_name': None}, 'embeddings_regularizer': None, 'activity_regularizer': None, 'embeddings_constraint': None, 'mask_zero': False}, 'registered_name': None, 'build_config': {'input_shape': (None, 45)}}, {'module': 'keras.layers', 'class_name': 'GlobalMaxPooling1D', 'config': {'name': 'global_max_pooling1d', 'trainable': True, 'dtype': 'float32', 'data_format': 'channels_last', 'keepdims': False}, 'registered_name': None, 'build_config': {'input_shape': (None, 45, 256)}}, {'module': 'keras.layers', 'class_name': 'Dense', 'config': {'name': 'dense', 'trainable': True, 'dtype': 'float32', 'units': 22, 'activation': 'softmax', 'use_bias': True, 'kernel_initializer': {'module': 'keras.initializers', 'class_name': 'GlorotUniform', 'config': {'seed': None}, 'registered_name': None}, 'bias_initializer': {'module': 'keras.initializers', 'class_name': 'Zeros', 'config': {}, 'registered_name': None}, 'kernel_regularizer': None, 'bias_regularizer': None, 'kernel_constraint': None, 'bias_constraint': None}, 'registered_name': None, 'build_config': {'input_shape': (None, 256)}}], 'build_input_shape': (None, 45)}",1,5,0.9068170785903931,0.5813632011413574,1.5734484195709229,0.8799999952316284,0.47067442536354065,1.1258565187454224,500,256,10,32,False,False,False,,accuracy,macro,True
test_1019_1254,"{'name': 'sequential_1', 'trainable': True, 'dtype': 'float32', 'layers': [{'module': 'keras.layers', 'class_name': 'InputLayer', 'config': {'batch_shape': (None, 45), 'dtype': 'float32', 'sparse': False, 'name': 'input_layer'}, 'registered_name': None}, {'module': 'keras.layers', 'class_name': 'Embedding', 'config': {'name': 'embedding', 'trainable': True, 'dtype': 'float32', 'input_dim': 501, 'output_dim': 256, 'embeddings_initializer': {'module': 'keras.initializers', 'class_name': 'RandomUniform', 'config': {'minval': -0.05, 'maxval': 0.05, 'seed': None}, 'registered_name': None}, 'embeddings_regularizer': None, 'activity_regularizer': None, 'embeddings_constraint': None, 'mask_zero': False}, 'registered_name': None, 'build_config': {'input_shape': (None, 45)}}, {'module': 'keras.layers', 'class_name': 'GlobalMaxPooling1D', 'config': {'name': 'global_max_pooling1d', 'trainable': True, 'dtype': 'float32', 'data_format': 'channels_last', 'keepdims': False}, 'registered_name': None, 'build_config': {'input_shape': (None, 45, 256)}}, {'module': 'keras.layers', 'class_name': 'Dense', 'config': {'name': 'dense', 'trainable': True, 'dtype': 'float32', 'units': 22, 'activation': 'softmax', 'use_bias': True, 'kernel_initializer': {'module': 'keras.initializers', 'class_name': 'GlorotUniform', 'config': {'seed': None}, 'registered_name': None}, 'bias_initializer': {'module': 'keras.initializers', 'class_name': 'Zeros', 'config': {}, 'registered_name': None}, 'kernel_regularizer': None, 'bias_regularizer': None, 'kernel_constraint': None, 'bias_constraint': None}, 'registered_name': None, 'build_config': {'input_shape': (None, 256)}}], 'build_input_shape': (None, 45)}",1,6,0.9151545166969299,0.7037200331687927,1.1744763851165771,0.8855555653572083,0.4820379316806793,0.8949137926101685,500,256,10,32,False,False,False,,accuracy,macro,True
test_1019_1254,"{'name': 'sequential_1', 'trainable': True, 'dtype': 'float32', 'layers': [{'module': 'keras.layers', 'class_name': 'InputLayer', 'config': {'batch_shape': (None, 45), 'dtype': 'float32', 'sparse': False, 'name': 'input_layer'}, 'registered_name': None}, {'module': 'keras.layers', 'class_name': 'Embedding', 'config': {'name': 'embedding', 'trainable': True, 'dtype': 'float32', 'input_dim': 501, 'output_dim': 256, 'embeddings_initializer': {'module': 'keras.initializers', 'class_name': 'RandomUniform', 'config': {'minval': -0.05, 'maxval': 0.05, 'seed': None}, 'registered_name': None}, 'embeddings_regularizer': None, 'activity_regularizer': None, 'embeddings_constraint': None, 'mask_zero': False}, 'registered_name': None, 'build_config': {'input_shape': (None, 45)}}, {'module': 'keras.layers', 'class_name': 'GlobalMaxPooling1D', 'config': {'name': 'global_max_pooling1d', 'trainable': True, 'dtype': 'float32', 'data_format': 'channels_last', 'keepdims': False}, 'registered_name': None, 'build_config': {'input_shape': (None, 45, 256)}}, {'module': 'keras.layers', 'class_name': 'Dense', 'config': {'name': 'dense', 'trainable': True, 'dtype': 'float32', 'units': 22, 'activation': 'softmax', 'use_bias': True, 'kernel_initializer': {'module': 'keras.initializers', 'class_name': 'GlorotUniform', 'config': {'seed': None}, 'registered_name': None}, 'bias_initializer': {'module': 'keras.initializers', 'class_name': 'Zeros', 'config': {}, 'registered_name': None}, 'kernel_regularizer': None, 'bias_regularizer': None, 'kernel_constraint': None, 'bias_constraint': None}, 'registered_name': None, 'build_config': {'input_shape': (None, 256)}}], 'build_input_shape': (None, 45)}",1,7,0.9188327789306641,0.7760096192359924,0.8501914143562317,0.8999999761581421,0.5231241583824158,0.6989051699638367,500,256,10,32,False,False,False,,accuracy,macro,True
test_1019_1254,"{'name': 'sequential_1', 'trainable': True, 'dtype': 'float32', 'layers': [{'module': 'keras.layers', 'class_name': 'InputLayer', 'config': {'batch_shape': (None, 45), 'dtype': 'float32', 'sparse': False, 'name': 'input_layer'}, 'registered_name': None}, {'module': 'keras.layers', 'class_name': 'Embedding', 'config': {'name': 'embedding', 'trainable': True, 'dtype': 'float32', 'input_dim': 501, 'output_dim': 256, 'embeddings_initializer': {'module': 'keras.initializers', 'class_name': 'RandomUniform', 'config': {'minval': -0.05, 'maxval': 0.05, 'seed': None}, 'registered_name': None}, 'embeddings_regularizer': None, 'activity_regularizer': None, 'embeddings_constraint': None, 'mask_zero': False}, 'registered_name': None, 'build_config': {'input_shape': (None, 45)}}, {'module': 'keras.layers', 'class_name': 'GlobalMaxPooling1D', 'config': {'name': 'global_max_pooling1d', 'trainable': True, 'dtype': 'float32', 'data_format': 'channels_last', 'keepdims': False}, 'registered_name': None, 'build_config': {'input_shape': (None, 45, 256)}}, {'module': 'keras.layers', 'class_name': 'Dense', 'config': {'name': 'dense', 'trainable': True, 'dtype': 'float32', 'units': 22, 'activation': 'softmax', 'use_bias': True, 'kernel_initializer': {'module': 'keras.initializers', 'class_name': 'GlorotUniform', 'config': {'seed': None}, 'registered_name': None}, 'bias_initializer': {'module': 'keras.initializers', 'class_name': 'Zeros', 'config': {}, 'registered_name': None}, 'kernel_regularizer': None, 'bias_regularizer': None, 'kernel_constraint': None, 'bias_constraint': None}, 'registered_name': None, 'build_config': {'input_shape': (None, 256)}}], 'build_input_shape': (None, 45)}",1,8,0.9259440898895264,0.7987449169158936,0.6067516803741455,0.9077777862548828,0.5492330193519592,0.585005521774292,500,256,10,32,False,False,False,,accuracy,macro,True
test_1019_1254,"{'name': 'sequential_1', 'trainable': True, 'dtype': 'float32', 'layers': [{'module': 'keras.layers', 'class_name': 'InputLayer', 'config': {'batch_shape': (None, 45), 'dtype': 'float32', 'sparse': False, 'name': 'input_layer'}, 'registered_name': None}, {'module': 'keras.layers', 'class_name': 'Embedding', 'config': {'name': 'embedding', 'trainable': True, 'dtype': 'float32', 'input_dim': 501, 'output_dim': 256, 'embeddings_initializer': {'module': 'keras.initializers', 'class_name': 'RandomUniform', 'config': {'minval': -0.05, 'maxval': 0.05, 'seed': None}, 'registered_name': None}, 'embeddings_regularizer': None, 'activity_regularizer': None, 'embeddings_constraint': None, 'mask_zero': False}, 'registered_name': None, 'build_config': {'input_shape': (None, 45)}}, {'module': 'keras.layers', 'class_name': 'GlobalMaxPooling1D', 'config': {'name': 'global_max_pooling1d', 'trainable': True, 'dtype': 'float32', 'data_format': 'channels_last', 'keepdims': False}, 'registered_name': None, 'build_config': {'input_shape': (None, 45, 256)}}, {'module': 'keras.layers', 'class_name': 'Dense', 'config': {'name': 'dense', 'trainable': True, 'dtype': 'float32', 'units': 22, 'activation': 'softmax', 'use_bias': True, 'kernel_initializer': {'module': 'keras.initializers', 'class_name': 'GlorotUniform', 'config': {'seed': None}, 'registered_name': None}, 'bias_initializer': {'module': 'keras.initializers', 'class_name': 'Zeros', 'config': {}, 'registered_name': None}, 'kernel_regularizer': None, 'bias_regularizer': None, 'kernel_constraint': None, 'bias_constraint': None}, 'registered_name': None, 'build_config': {'input_shape': (None, 256)}}], 'build_input_shape': (None, 45)}",1,9,0.9293771386146545,0.7612221240997314,0.4343297779560089,0.9111111164093018,0.5489481687545776,0.4925803244113922,500,256,10,32,False,False,False,,accuracy,macro,True
test_1019_1254,"{'name': 'sequential_1', 'trainable': True, 'dtype': 'float32', 'layers': [{'module': 'keras.layers', 'class_name': 'InputLayer', 'config': {'batch_shape': (None, 45), 'dtype': 'float32', 'sparse': False, 'name': 'input_layer'}, 'registered_name': None}, {'module': 'keras.layers', 'class_name': 'Embedding', 'config': {'name': 'embedding', 'trainable': True, 'dtype': 'float32', 'input_dim': 501, 'output_dim': 256, 'embeddings_initializer': {'module': 'keras.initializers', 'class_name': 'RandomUniform', 'config': {'minval': -0.05, 'maxval': 0.05, 'seed': None}, 'registered_name': None}, 'embeddings_regularizer': None, 'activity_regularizer': None, 'embeddings_constraint': None, 'mask_zero': False}, 'registered_name': None, 'build_config': {'input_shape': (None, 45)}}, {'module': 'keras.layers', 'class_name': 'GlobalMaxPooling1D', 'config': {'name': 'global_max_pooling1d', 'trainable': True, 'dtype': 'float32', 'data_format': 'channels_last', 'keepdims': False}, 'registered_name': None, 'build_config': {'input_shape': (None, 45, 256)}}, {'module': 'keras.layers', 'class_name': 'Dense', 'config': {'name': 'dense', 'trainable': True, 'dtype': 'float32', 'units': 22, 'activation': 'softmax', 'use_bias': True, 'kernel_initializer': {'module': 'keras.initializers', 'class_name': 'GlorotUniform', 'config': {'seed': None}, 'registered_name': None}, 'bias_initializer': {'module': 'keras.initializers', 'class_name': 'Zeros', 'config': {}, 'registered_name': None}, 'kernel_regularizer': None, 'bias_regularizer': None, 'kernel_constraint': None, 'bias_constraint': None}, 'registered_name': None, 'build_config': {'input_shape': (None, 256)}}], 'build_input_shape': (None, 45)}",1,10,0.9369789361953735,0.761376142501831,0.3092081844806671,0.9188888669013977,0.545594334602356,0.42418667674064636,500,256,10,32,False,False,False,,accuracy,macro,True
test_1019_1254,"{'name': 'sequential_2', 'trainable': True, 'dtype': 'float32', 'layers': [{'module': 'keras.layers', 'class_name': 'InputLayer', 'config': {'batch_shape': (None, 45), 'dtype': 'float32', 'sparse': False, 'name': 'input_layer_1'}, 'registered_name': None}, {'module': 'keras.layers', 'class_name': 'Embedding', 'config': {'name': 'embedding_1', 'trainable': True, 'dtype': 'float32', 'input_dim': 501, 'output_dim': 256, 'embeddings_initializer': {'module': 'keras.initializers', 'class_name': 'RandomUniform', 'config': {'minval': -0.05, 'maxval': 0.05, 'seed': None}, 'registered_name': None}, 'embeddings_regularizer': None, 'activity_regularizer': None, 'embeddings_constraint': None, 'mask_zero': False}, 'registered_name': None, 'build_config': {'input_shape': (None, 45)}}, {'module': 'keras.layers', 'class_name': 'GlobalMaxPooling1D', 'config': {'name': 'global_max_pooling1d', 'trainable': True, 'dtype': 'float32', 'data_format': 'channels_last', 'keepdims': False}, 'registered_name': None, 'build_config': {'input_shape': (None, 45, 256)}}, {'module': 'keras.layers', 'class_name': 'Dense', 'config': {'name': 'dense_1', 'trainable': True, 'dtype': 'float32', 'units': 22, 'activation': 'softmax', 'use_bias': True, 'kernel_initializer': {'module': 'keras.initializers', 'class_name': 'GlorotUniform', 'config': {'seed': None}, 'registered_name': None}, 'bias_initializer': {'module': 'keras.initializers', 'class_name': 'Zeros', 'config': {}, 'registered_name': None}, 'kernel_regularizer': None, 'bias_regularizer': None, 'kernel_constraint': None, 'bias_constraint': None}, 'registered_name': None, 'build_config': {'input_shape': (None, 256)}}], 'build_input_shape': (None, 45)}",2,1,0.38572829961776733,0.1633118838071823,3.1951401233673096,0.8166666626930237,0.3338657319545746,2.643714189529419,500,256,10,32,False,False,False,,accuracy,macro,True
test_1019_1254,"{'name': 'sequential_2', 'trainable': True, 'dtype': 'float32', 'layers': [{'module': 'keras.layers', 'class_name': 'InputLayer', 'config': {'batch_shape': (None, 45), 'dtype': 'float32', 'sparse': False, 'name': 'input_layer_1'}, 'registered_name': None}, {'module': 'keras.layers', 'class_name': 'Embedding', 'config': {'name': 'embedding_1', 'trainable': True, 'dtype': 'float32', 'input_dim': 501, 'output_dim': 256, 'embeddings_initializer': {'module': 'keras.initializers', 'class_name': 'RandomUniform', 'config': {'minval': -0.05, 'maxval': 0.05, 'seed': None}, 'registered_name': None}, 'embeddings_regularizer': None, 'activity_regularizer': None, 'embeddings_constraint': None, 'mask_zero': False}, 'registered_name': None, 'build_config': {'input_shape': (None, 45)}}, {'module': 'keras.layers', 'class_name': 'GlobalMaxPooling1D', 'config': {'name': 'global_max_pooling1d', 'trainable': True, 'dtype': 'float32', 'data_format': 'channels_last', 'keepdims': False}, 'registered_name': None, 'build_config': {'input_shape': (None, 45, 256)}}, {'module': 'keras.layers', 'class_name': 'Dense', 'config': {'name': 'dense_1', 'trainable': True, 'dtype': 'float32', 'units': 22, 'activation': 'softmax', 'use_bias': True, 'kernel_initializer': {'module': 'keras.initializers', 'class_name': 'GlorotUniform', 'config': {'seed': None}, 'registered_name': None}, 'bias_initializer': {'module': 'keras.initializers', 'class_name': 'Zeros', 'config': {}, 'registered_name': None}, 'kernel_regularizer': None, 'bias_regularizer': None, 'kernel_constraint': None, 'bias_constraint': None}, 'registered_name': None, 'build_config': {'input_shape': (None, 256)}}], 'build_input_shape': (None, 45)}",2,2,0.8499264121055603,0.4157736599445343,2.892401695251465,0.8388888835906982,0.41699740290641785,2.391087770462036,500,256,10,32,False,False,False,,accuracy,macro,True
test_1019_1254,"{'name': 'sequential_2', 'trainable': True, 'dtype': 'float32', 'layers': [{'module': 'keras.layers', 'class_name': 'InputLayer', 'config': {'batch_shape': (None, 45), 'dtype': 'float32', 'sparse': False, 'name': 'input_layer_1'}, 'registered_name': None}, {'module': 'keras.layers', 'class_name': 'Embedding', 'config': {'name': 'embedding_1', 'trainable': True, 'dtype': 'float32', 'input_dim': 501, 'output_dim': 256, 'embeddings_initializer': {'module': 'keras.initializers', 'class_name': 'RandomUniform', 'config': {'minval': -0.05, 'maxval': 0.05, 'seed': None}, 'registered_name': None}, 'embeddings_regularizer': None, 'activity_regularizer': None, 'embeddings_constraint': None, 'mask_zero': False}, 'registered_name': None, 'build_config': {'input_shape': (None, 45)}}, {'module': 'keras.layers', 'class_name': 'GlobalMaxPooling1D', 'config': {'name': 'global_max_pooling1d', 'trainable': True, 'dtype': 'float32', 'data_format': 'channels_last', 'keepdims': False}, 'registered_name': None, 'build_config': {'input_shape': (None, 45, 256)}}, {'module': 'keras.layers', 'class_name': 'Dense', 'config': {'name': 'dense_1', 'trainable': True, 'dtype': 'float32', 'units': 22, 'activation': 'softmax', 'use_bias': True, 'kernel_initializer': {'module': 'keras.initializers', 'class_name': 'GlorotUniform', 'config': {'seed': None}, 'registered_name': None}, 'bias_initializer': {'module': 'keras.initializers', 'class_name': 'Zeros', 'config': {}, 'registered_name': None}, 'kernel_regularizer': None, 'bias_regularizer': None, 'kernel_constraint': None, 'bias_constraint': None}, 'registered_name': None, 'build_config': {'input_shape': (None, 256)}}], 'build_input_shape': (None, 45)}",2,3,0.86684650182724,0.49337053298950195,2.518141746520996,0.8444444537162781,0.3808295428752899,1.9828351736068726,500,256,10,32,False,False,False,,accuracy,macro,True
test_1019_1254,"{'name': 'sequential_2', 'trainable': True, 'dtype': 'float32', 'layers': [{'module': 'keras.layers', 'class_name': 'InputLayer', 'config': {'batch_shape': (None, 45), 'dtype': 'float32', 'sparse': False, 'name': 'input_layer_1'}, 'registered_name': None}, {'module': 'keras.layers', 'class_name': 'Embedding', 'config': {'name': 'embedding_1', 'trainable': True, 'dtype': 'float32', 'input_dim': 501, 'output_dim': 256, 'embeddings_initializer': {'module': 'keras.initializers', 'class_name': 'RandomUniform', 'config': {'minval': -0.05, 'maxval': 0.05, 'seed': None}, 'registered_name': None}, 'embeddings_regularizer': None, 'activity_regularizer': None, 'embeddings_constraint': None, 'mask_zero': False}, 'registered_name': None, 'build_config': {'input_shape': (None, 45)}}, {'module': 'keras.layers', 'class_name': 'GlobalMaxPooling1D', 'config': {'name': 'global_max_pooling1d', 'trainable': True, 'dtype': 'float32', 'data_format': 'channels_last', 'keepdims': False}, 'registered_name': None, 'build_config': {'input_shape': (None, 45, 256)}}, {'module': 'keras.layers', 'class_name': 'Dense', 'config': {'name': 'dense_1', 'trainable': True, 'dtype': 'float32', 'units': 22, 'activation': 'softmax', 'use_bias': True, 'kernel_initializer': {'module': 'keras.initializers', 'class_name': 'GlorotUniform', 'config': {'seed': None}, 'registered_name': None}, 'bias_initializer': {'module': 'keras.initializers', 'class_name': 'Zeros', 'config': {}, 'registered_name': None}, 'kernel_regularizer': None, 'bias_regularizer': None, 'kernel_constraint': None, 'bias_constraint': None}, 'registered_name': None, 'build_config': {'input_shape': (None, 256)}}], 'build_input_shape': (None, 45)}",2,4,0.8849926590919495,0.5300064086914062,2.0666563510894775,0.8566666841506958,0.44311559200286865,1.5053997039794922,500,256,10,32,False,False,False,,accuracy,macro,True
test_1019_1254,"{'name': 'sequential_2', 'trainable': True, 'dtype': 'float32', 'layers': [{'module': 'keras.layers', 'class_name': 'InputLayer', 'config': {'batch_shape': (None, 45), 'dtype': 'float32', 'sparse': False, 'name': 'input_layer_1'}, 'registered_name': None}, {'module': 'keras.layers', 'class_name': 'Embedding', 'config': {'name': 'embedding_1', 'trainable': True, 'dtype': 'float32', 'input_dim': 501, 'output_dim': 256, 'embeddings_initializer': {'module': 'keras.initializers', 'class_name': 'RandomUniform', 'config': {'minval': -0.05, 'maxval': 0.05, 'seed': None}, 'registered_name': None}, 'embeddings_regularizer': None, 'activity_regularizer': None, 'embeddings_constraint': None, 'mask_zero': False}, 'registered_name': None, 'build_config': {'input_shape': (None, 45)}}, {'module': 'keras.layers', 'class_name': 'GlobalMaxPooling1D', 'config': {'name': 'global_max_pooling1d', 'trainable': True, 'dtype': 'float32', 'data_format': 'channels_last', 'keepdims': False}, 'registered_name': None, 'build_config': {'input_shape': (None, 45, 256)}}, {'module': 'keras.layers', 'class_name': 'Dense', 'config': {'name': 'dense_1', 'trainable': True, 'dtype': 'float32', 'units': 22, 'activation': 'softmax', 'use_bias': True, 'kernel_initializer': {'module': 'keras.initializers', 'class_name': 'GlorotUniform', 'config': {'seed': None}, 'registered_name': None}, 'bias_initializer': {'module': 'keras.initializers', 'class_name': 'Zeros', 'config': {}, 'registered_name': None}, 'kernel_regularizer': None, 'bias_regularizer': None, 'kernel_constraint': None, 'bias_constraint': None}, 'registered_name': None, 'build_config': {'input_shape': (None, 256)}}], 'build_input_shape': (None, 45)}",2,5,0.9038744568824768,0.5676589608192444,1.5719780921936035,0.8566666841506958,0.4752100110054016,1.192055106163025,500,256,10,32,False,False,False,,accuracy,macro,True
test_1019_1254,"{'name': 'sequential_2', 'trainable': True, 'dtype': 'float32', 'layers': [{'module': 'keras.layers', 'class_name': 'InputLayer', 'config': {'batch_shape': (None, 45), 'dtype': 'float32', 'sparse': False, 'name': 'input_layer_1'}, 'registered_name': None}, {'module': 'keras.layers', 'class_name': 'Embedding', 'config': {'name': 'embedding_1', 'trainable': True, 'dtype': 'float32', 'input_dim': 501, 'output_dim': 256, 'embeddings_initializer': {'module': 'keras.initializers', 'class_name': 'RandomUniform', 'config': {'minval': -0.05, 'maxval': 0.05, 'seed': None}, 'registered_name': None}, 'embeddings_regularizer': None, 'activity_regularizer': None, 'embeddings_constraint': None, 'mask_zero': False}, 'registered_name': None, 'build_config': {'input_shape': (None, 45)}}, {'module': 'keras.layers', 'class_name': 'GlobalMaxPooling1D', 'config': {'name': 'global_max_pooling1d', 'trainable': True, 'dtype': 'float32', 'data_format': 'channels_last', 'keepdims': False}, 'registered_name': None, 'build_config': {'input_shape': (None, 45, 256)}}, {'module': 'keras.layers', 'class_name': 'Dense', 'config': {'name': 'dense_1', 'trainable': True, 'dtype': 'float32', 'units': 22, 'activation': 'softmax', 'use_bias': True, 'kernel_initializer': {'module': 'keras.initializers', 'class_name': 'GlorotUniform', 'config': {'seed': None}, 'registered_name': None}, 'bias_initializer': {'module': 'keras.initializers', 'class_name': 'Zeros', 'config': {}, 'registered_name': None}, 'kernel_regularizer': None, 'bias_regularizer': None, 'kernel_constraint': None, 'bias_constraint': None}, 'registered_name': None, 'build_config': {'input_shape': (None, 256)}}], 'build_input_shape': (None, 45)}",2,6,0.8989700675010681,0.6930546760559082,1.1655632257461548,0.8677777647972107,0.49744880199432373,0.8864202499389648,500,256,10,32,False,False,False,,accuracy,macro,True
test_1019_1254,"{'name': 'sequential_2', 'trainable': True, 'dtype': 'float32', 'layers': [{'module': 'keras.layers', 'class_name': 'InputLayer', 'config': {'batch_shape': (None, 45), 'dtype': 'float32', 'sparse': False, 'name': 'input_layer_1'}, 'registered_name': None}, {'module': 'keras.layers', 'class_name': 'Embedding', 'config': {'name': 'embedding_1', 'trainable': True, 'dtype': 'float32', 'input_dim': 501, 'output_dim': 256, 'embeddings_initializer': {'module': 'keras.initializers', 'class_name': 'RandomUniform', 'config': {'minval': -0.05, 'maxval': 0.05, 'seed': None}, 'registered_name': None}, 'embeddings_regularizer': None, 'activity_regularizer': None, 'embeddings_constraint': None, 'mask_zero': False}, 'registered_name': None, 'build_config': {'input_shape': (None, 45)}}, {'module': 'keras.layers', 'class_name': 'GlobalMaxPooling1D', 'config': {'name': 'global_max_pooling1d', 'trainable': True, 'dtype': 'float32', 'data_format': 'channels_last', 'keepdims': False}, 'registered_name': None, 'build_config': {'input_shape': (None, 45, 256)}}, {'module': 'keras.layers', 'class_name': 'Dense', 'config': {'name': 'dense_1', 'trainable': True, 'dtype': 'float32', 'units': 22, 'activation': 'softmax', 'use_bias': True, 'kernel_initializer': {'module': 'keras.initializers', 'class_name': 'GlorotUniform', 'config': {'seed': None}, 'registered_name': None}, 'bias_initializer': {'module': 'keras.initializers', 'class_name': 'Zeros', 'config': {}, 'registered_name': None}, 'kernel_regularizer': None, 'bias_regularizer': None, 'kernel_constraint': None, 'bias_constraint': None}, 'registered_name': None, 'build_config': {'input_shape': (None, 256)}}], 'build_input_shape': (None, 45)}",2,7,0.9060814380645752,0.7569807171821594,0.852648913860321,0.8899999856948853,0.5181095600128174,0.7097828388214111,500,256,10,32,False,False,False,,accuracy,macro,True
test_1019_1254,"{'name': 'sequential_2', 'trainable': True, 'dtype': 'float32', 'layers': [{'module': 'keras.layers', 'class_name': 'InputLayer', 'config': {'batch_shape': (None, 45), 'dtype': 'float32', 'sparse': False, 'name': 'input_layer_1'}, 'registered_name': None}, {'module': 'keras.layers', 'class_name': 'Embedding', 'config': {'name': 'embedding_1', 'trainable': True, 'dtype': 'float32', 'input_dim': 501, 'output_dim': 256, 'embeddings_initializer': {'module': 'keras.initializers', 'class_name': 'RandomUniform', 'config': {'minval': -0.05, 'maxval': 0.05, 'seed': None}, 'registered_name': None}, 'embeddings_regularizer': None, 'activity_regularizer': None, 'embeddings_constraint': None, 'mask_zero': False}, 'registered_name': None, 'build_config': {'input_shape': (None, 45)}}, {'module': 'keras.layers', 'class_name': 'GlobalMaxPooling1D', 'config': {'name': 'global_max_pooling1d', 'trainable': True, 'dtype': 'float32', 'data_format': 'channels_last', 'keepdims': False}, 'registered_name': None, 'build_config': {'input_shape': (None, 45, 256)}}, {'module': 'keras.layers', 'class_name': 'Dense', 'config': {'name': 'dense_1', 'trainable': True, 'dtype': 'float32', 'units': 22, 'activation': 'softmax', 'use_bias': True, 'kernel_initializer': {'module': 'keras.initializers', 'class_name': 'GlorotUniform', 'config': {'seed': None}, 'registered_name': None}, 'bias_initializer': {'module': 'keras.initializers', 'class_name': 'Zeros', 'config': {}, 'registered_name': None}, 'kernel_regularizer': None, 'bias_regularizer': None, 'kernel_constraint': None, 'bias_constraint': None}, 'registered_name': None, 'build_config': {'input_shape': (None, 256)}}], 'build_input_shape': (None, 45)}",2,8,0.9215301871299744,0.7683554291725159,0.60605788230896,0.897777795791626,0.5208673477172852,0.6001417636871338,500,256,10,32,False,False,False,,accuracy,macro,True
test_1019_1254,"{'name': 'sequential_2', 'trainable': True, 'dtype': 'float32', 'layers': [{'module': 'keras.layers', 'class_name': 'InputLayer', 'config': {'batch_shape': (None, 45), 'dtype': 'float32', 'sparse': False, 'name': 'input_layer_1'}, 'registered_name': None}, {'module': 'keras.layers', 'class_name': 'Embedding', 'config': {'name': 'embedding_1', 'trainable': True, 'dtype': 'float32', 'input_dim': 501, 'output_dim': 256, 'embeddings_initializer': {'module': 'keras.initializers', 'class_name': 'RandomUniform', 'config': {'minval': -0.05, 'maxval': 0.05, 'seed': None}, 'registered_name': None}, 'embeddings_regularizer': None, 'activity_regularizer': None, 'embeddings_constraint': None, 'mask_zero': False}, 'registered_name': None, 'build_config': {'input_shape': (None, 45)}}, {'module': 'keras.layers', 'class_name': 'GlobalMaxPooling1D', 'config': {'name': 'global_max_pooling1d', 'trainable': True, 'dtype': 'float32', 'data_format': 'channels_last', 'keepdims': False}, 'registered_name': None, 'build_config': {'input_shape': (None, 45, 256)}}, {'module': 'keras.layers', 'class_name': 'Dense', 'config': {'name': 'dense_1', 'trainable': True, 'dtype': 'float32', 'units': 22, 'activation': 'softmax', 'use_bias': True, 'kernel_initializer': {'module': 'keras.initializers', 'class_name': 'GlorotUniform', 'config': {'seed': None}, 'registered_name': None}, 'bias_initializer': {'module': 'keras.initializers', 'class_name': 'Zeros', 'config': {}, 'registered_name': None}, 'kernel_regularizer': None, 'bias_regularizer': None, 'kernel_constraint': None, 'bias_constraint': None}, 'registered_name': None, 'build_config': {'input_shape': (None, 256)}}], 'build_input_shape': (None, 45)}",2,9,0.9203040599822998,0.7545932531356812,0.42590779066085815,0.9077777862548828,0.5338483452796936,0.4822680652141571,500,256,10,32,False,False,False,,accuracy,macro,True
test_1019_1254,"{'name': 'sequential_2', 'trainable': True, 'dtype': 'float32', 'layers': [{'module': 'keras.layers', 'class_name': 'InputLayer', 'config': {'batch_shape': (None, 45), 'dtype': 'float32', 'sparse': False, 'name': 'input_layer_1'}, 'registered_name': None}, {'module': 'keras.layers', 'class_name': 'Embedding', 'config': {'name': 'embedding_1', 'trainable': True, 'dtype': 'float32', 'input_dim': 501, 'output_dim': 256, 'embeddings_initializer': {'module': 'keras.initializers', 'class_name': 'RandomUniform', 'config': {'minval': -0.05, 'maxval': 0.05, 'seed': None}, 'registered_name': None}, 'embeddings_regularizer': None, 'activity_regularizer': None, 'embeddings_constraint': None, 'mask_zero': False}, 'registered_name': None, 'build_config': {'input_shape': (None, 45)}}, {'module': 'keras.layers', 'class_name': 'GlobalMaxPooling1D', 'config': {'name': 'global_max_pooling1d', 'trainable': True, 'dtype': 'float32', 'data_format': 'channels_last', 'keepdims': False}, 'registered_name': None, 'build_config': {'input_shape': (None, 45, 256)}}, {'module': 'keras.layers', 'class_name': 'Dense', 'config': {'name': 'dense_1', 'trainable': True, 'dtype': 'float32', 'units': 22, 'activation': 'softmax', 'use_bias': True, 'kernel_initializer': {'module': 'keras.initializers', 'class_name': 'GlorotUniform', 'config': {'seed': None}, 'registered_name': None}, 'bias_initializer': {'module': 'keras.initializers', 'class_name': 'Zeros', 'config': {}, 'registered_name': None}, 'kernel_regularizer': None, 'bias_regularizer': None, 'kernel_constraint': None, 'bias_constraint': None}, 'registered_name': None, 'build_config': {'input_shape': (None, 256)}}], 'build_input_shape': (None, 45)}",2,10,0.9345267415046692,0.7755416631698608,0.3053707480430603,0.9144444465637207,0.5406004190444946,0.42045220732688904,500,256,10,32,False,False,False,,accuracy,macro,True
test_1019_1254,"{'name': 'sequential_3', 'trainable': True, 'dtype': 'float32', 'layers': [{'module': 'keras.layers', 'class_name': 'InputLayer', 'config': {'batch_shape': (None, 45), 'dtype': 'float32', 'sparse': False, 'name': 'input_layer_2'}, 'registered_name': None}, {'module': 'keras.layers', 'class_name': 'Embedding', 'config': {'name': 'embedding_2', 'trainable': True, 'dtype': 'float32', 'input_dim': 501, 'output_dim': 256, 'embeddings_initializer': {'module': 'keras.initializers', 'class_name': 'RandomUniform', 'config': {'minval': -0.05, 'maxval': 0.05, 'seed': None}, 'registered_name': None}, 'embeddings_regularizer': None, 'activity_regularizer': None, 'embeddings_constraint': None, 'mask_zero': False}, 'registered_name': None, 'build_config': {'input_shape': (None, 45)}}, {'module': 'keras.layers', 'class_name': 'GlobalMaxPooling1D', 'config': {'name': 'global_max_pooling1d', 'trainable': True, 'dtype': 'float32', 'data_format': 'channels_last', 'keepdims': False}, 'registered_name': None, 'build_config': {'input_shape': (None, 45, 256)}}, {'module': 'keras.layers', 'class_name': 'Dense', 'config': {'name': 'dense_2', 'trainable': True, 'dtype': 'float32', 'units': 22, 'activation': 'softmax', 'use_bias': True, 'kernel_initializer': {'module': 'keras.initializers', 'class_name': 'GlorotUniform', 'config': {'seed': None}, 'registered_name': None}, 'bias_initializer': {'module': 'keras.initializers', 'class_name': 'Zeros', 'config': {}, 'registered_name': None}, 'kernel_regularizer': None, 'bias_regularizer': None, 'kernel_constraint': None, 'bias_constraint': None}, 'registered_name': None, 'build_config': {'input_shape': (None, 256)}}], 'build_input_shape': (None, 45)}",3,1,0.7638548016548157,0.19272270798683167,3.1662213802337646,0.8866666555404663,0.317681223154068,2.672947883605957,500,256,10,32,False,False,False,,accuracy,macro,True
test_1019_1254,"{'name': 'sequential_3', 'trainable': True, 'dtype': 'float32', 'layers': [{'module': 'keras.layers', 'class_name': 'InputLayer', 'config': {'batch_shape': (None, 45), 'dtype': 'float32', 'sparse': False, 'name': 'input_layer_2'}, 'registered_name': None}, {'module': 'keras.layers', 'class_name': 'Embedding', 'config': {'name': 'embedding_2', 'trainable': True, 'dtype': 'float32', 'input_dim': 501, 'output_dim': 256, 'embeddings_initializer': {'module': 'keras.initializers', 'class_name': 'RandomUniform', 'config': {'minval': -0.05, 'maxval': 0.05, 'seed': None}, 'registered_name': None}, 'embeddings_regularizer': None, 'activity_regularizer': None, 'embeddings_constraint': None, 'mask_zero': False}, 'registered_name': None, 'build_config': {'input_shape': (None, 45)}}, {'module': 'keras.layers', 'class_name': 'GlobalMaxPooling1D', 'config': {'name': 'global_max_pooling1d', 'trainable': True, 'dtype': 'float32', 'data_format': 'channels_last', 'keepdims': False}, 'registered_name': None, 'build_config': {'input_shape': (None, 45, 256)}}, {'module': 'keras.layers', 'class_name': 'Dense', 'config': {'name': 'dense_2', 'trainable': True, 'dtype': 'float32', 'units': 22, 'activation': 'softmax', 'use_bias': True, 'kernel_initializer': {'module': 'keras.initializers', 'class_name': 'GlorotUniform', 'config': {'seed': None}, 'registered_name': None}, 'bias_initializer': {'module': 'keras.initializers', 'class_name': 'Zeros', 'config': {}, 'registered_name': None}, 'kernel_regularizer': None, 'bias_regularizer': None, 'kernel_constraint': None, 'bias_constraint': None}, 'registered_name': None, 'build_config': {'input_shape': (None, 256)}}], 'build_input_shape': (None, 45)}",3,2,0.8658656477928162,0.38559138774871826,2.895275831222534,0.8744444251060486,0.348327100276947,2.407827854156494,500,256,10,32,False,False,False,,accuracy,macro,True
test_1019_1254,"{'name': 'sequential_3', 'trainable': True, 'dtype': 'float32', 'layers': [{'module': 'keras.layers', 'class_name': 'InputLayer', 'config': {'batch_shape': (None, 45), 'dtype': 'float32', 'sparse': False, 'name': 'input_layer_2'}, 'registered_name': None}, {'module': 'keras.layers', 'class_name': 'Embedding', 'config': {'name': 'embedding_2', 'trainable': True, 'dtype': 'float32', 'input_dim': 501, 'output_dim': 256, 'embeddings_initializer': {'module': 'keras.initializers', 'class_name': 'RandomUniform', 'config': {'minval': -0.05, 'maxval': 0.05, 'seed': None}, 'registered_name': None}, 'embeddings_regularizer': None, 'activity_regularizer': None, 'embeddings_constraint': None, 'mask_zero': False}, 'registered_name': None, 'build_config': {'input_shape': (None, 45)}}, {'module': 'keras.layers', 'class_name': 'GlobalMaxPooling1D', 'config': {'name': 'global_max_pooling1d', 'trainable': True, 'dtype': 'float32', 'data_format': 'channels_last', 'keepdims': False}, 'registered_name': None, 'build_config': {'input_shape': (None, 45, 256)}}, {'module': 'keras.layers', 'class_name': 'Dense', 'config': {'name': 'dense_2', 'trainable': True, 'dtype': 'float32', 'units': 22, 'activation': 'softmax', 'use_bias': True, 'kernel_initializer': {'module': 'keras.initializers', 'class_name': 'GlorotUniform', 'config': {'seed': None}, 'registered_name': None}, 'bias_initializer': {'module': 'keras.initializers', 'class_name': 'Zeros', 'config': {}, 'registered_name': None}, 'kernel_regularizer': None, 'bias_regularizer': None, 'kernel_constraint': None, 'bias_constraint': None}, 'registered_name': None, 'build_config': {'input_shape': (None, 256)}}], 'build_input_shape': (None, 45)}",3,3,0.8948013782501221,0.49986448884010315,2.531456470489502,0.8544444441795349,0.40863922238349915,2.043339967727661,500,256,10,32,False,False,False,,accuracy,macro,True
test_1019_1254,"{'name': 'sequential_3', 'trainable': True, 'dtype': 'float32', 'layers': [{'module': 'keras.layers', 'class_name': 'InputLayer', 'config': {'batch_shape': (None, 45), 'dtype': 'float32', 'sparse': False, 'name': 'input_layer_2'}, 'registered_name': None}, {'module': 'keras.layers', 'class_name': 'Embedding', 'config': {'name': 'embedding_2', 'trainable': True, 'dtype': 'float32', 'input_dim': 501, 'output_dim': 256, 'embeddings_initializer': {'module': 'keras.initializers', 'class_name': 'RandomUniform', 'config': {'minval': -0.05, 'maxval': 0.05, 'seed': None}, 'registered_name': None}, 'embeddings_regularizer': None, 'activity_regularizer': None, 'embeddings_constraint': None, 'mask_zero': False}, 'registered_name': None, 'build_config': {'input_shape': (None, 45)}}, {'module': 'keras.layers', 'class_name': 'GlobalMaxPooling1D', 'config': {'name': 'global_max_pooling1d', 'trainable': True, 'dtype': 'float32', 'data_format': 'channels_last', 'keepdims': False}, 'registered_name': None, 'build_config': {'input_shape': (None, 45, 256)}}, {'module': 'keras.layers', 'class_name': 'Dense', 'config': {'name': 'dense_2', 'trainable': True, 'dtype': 'float32', 'units': 22, 'activation': 'softmax', 'use_bias': True, 'kernel_initializer': {'module': 'keras.initializers', 'class_name': 'GlorotUniform', 'config': {'seed': None}, 'registered_name': None}, 'bias_initializer': {'module': 'keras.initializers', 'class_name': 'Zeros', 'config': {}, 'registered_name': None}, 'kernel_regularizer': None, 'bias_regularizer': None, 'kernel_constraint': None, 'bias_constraint': None}, 'registered_name': None, 'build_config': {'input_shape': (None, 256)}}], 'build_input_shape': (None, 45)}",3,4,0.895291805267334,0.537144124507904,2.0670063495635986,0.8600000143051147,0.4698415994644165,1.6295326948165894,500,256,10,32,False,False,False,,accuracy,macro,True
test_1019_1254,"{'name': 'sequential_3', 'trainable': True, 'dtype': 'float32', 'layers': [{'module': 'keras.layers', 'class_name': 'InputLayer', 'config': {'batch_shape': (None, 45), 'dtype': 'float32', 'sparse': False, 'name': 'input_layer_2'}, 'registered_name': None}, {'module': 'keras.layers', 'class_name': 'Embedding', 'config': {'name': 'embedding_2', 'trainable': True, 'dtype': 'float32', 'input_dim': 501, 'output_dim': 256, 'embeddings_initializer': {'module': 'keras.initializers', 'class_name': 'RandomUniform', 'config': {'minval': -0.05, 'maxval': 0.05, 'seed': None}, 'registered_name': None}, 'embeddings_regularizer': None, 'activity_regularizer': None, 'embeddings_constraint': None, 'mask_zero': False}, 'registered_name': None, 'build_config': {'input_shape': (None, 45)}}, {'module': 'keras.layers', 'class_name': 'GlobalMaxPooling1D', 'config': {'name': 'global_max_pooling1d', 'trainable': True, 'dtype': 'float32', 'data_format': 'channels_last', 'keepdims': False}, 'registered_name': None, 'build_config': {'input_shape': (None, 45, 256)}}, {'module': 'keras.layers', 'class_name': 'Dense', 'config': {'name': 'dense_2', 'trainable': True, 'dtype': 'float32', 'units': 22, 'activation': 'softmax', 'use_bias': True, 'kernel_initializer': {'module': 'keras.initializers', 'class_name': 'GlorotUniform', 'config': {'seed': None}, 'registered_name': None}, 'bias_initializer': {'module': 'keras.initializers', 'class_name': 'Zeros', 'config': {}, 'registered_name': None}, 'kernel_regularizer': None, 'bias_regularizer': None, 'kernel_constraint': None, 'bias_constraint': None}, 'registered_name': None, 'build_config': {'input_shape': (None, 256)}}], 'build_input_shape': (None, 45)}",3,5,0.890632688999176,0.552122175693512,1.6026337146759033,0.8722222447395325,0.48679983615875244,1.2047792673110962,500,256,10,32,False,False,False,,accuracy,macro,True
test_1019_1254,"{'name': 'sequential_3', 'trainable': True, 'dtype': 'float32', 'layers': [{'module': 'keras.layers', 'class_name': 'InputLayer', 'config': {'batch_shape': (None, 45), 'dtype': 'float32', 'sparse': False, 'name': 'input_layer_2'}, 'registered_name': None}, {'module': 'keras.layers', 'class_name': 'Embedding', 'config': {'name': 'embedding_2', 'trainable': True, 'dtype': 'float32', 'input_dim': 501, 'output_dim': 256, 'embeddings_initializer': {'module': 'keras.initializers', 'class_name': 'RandomUniform', 'config': {'minval': -0.05, 'maxval': 0.05, 'seed': None}, 'registered_name': None}, 'embeddings_regularizer': None, 'activity_regularizer': None, 'embeddings_constraint': None, 'mask_zero': False}, 'registered_name': None, 'build_config': {'input_shape': (None, 45)}}, {'module': 'keras.layers', 'class_name': 'GlobalMaxPooling1D', 'config': {'name': 'global_max_pooling1d', 'trainable': True, 'dtype': 'float32', 'data_format': 'channels_last', 'keepdims': False}, 'registered_name': None, 'build_config': {'input_shape': (None, 45, 256)}}, {'module': 'keras.layers', 'class_name': 'Dense', 'config': {'name': 'dense_2', 'trainable': True, 'dtype': 'float32', 'units': 22, 'activation': 'softmax', 'use_bias': True, 'kernel_initializer': {'module': 'keras.initializers', 'class_name': 'GlorotUniform', 'config': {'seed': None}, 'registered_name': None}, 'bias_initializer': {'module': 'keras.initializers', 'class_name': 'Zeros', 'config': {}, 'registered_name': None}, 'kernel_regularizer': None, 'bias_regularizer': None, 'kernel_constraint': None, 'bias_constraint': None}, 'registered_name': None, 'build_config': {'input_shape': (None, 256)}}], 'build_input_shape': (None, 45)}",3,6,0.9092692732810974,0.6267771124839783,1.1940248012542725,0.8777777552604675,0.5028502941131592,0.9436735510826111,500,256,10,32,False,False,False,,accuracy,macro,True
test_1019_1254,"{'name': 'sequential_3', 'trainable': True, 'dtype': 'float32', 'layers': [{'module': 'keras.layers', 'class_name': 'InputLayer', 'config': {'batch_shape': (None, 45), 'dtype': 'float32', 'sparse': False, 'name': 'input_layer_2'}, 'registered_name': None}, {'module': 'keras.layers', 'class_name': 'Embedding', 'config': {'name': 'embedding_2', 'trainable': True, 'dtype': 'float32', 'input_dim': 501, 'output_dim': 256, 'embeddings_initializer': {'module': 'keras.initializers', 'class_name': 'RandomUniform', 'config': {'minval': -0.05, 'maxval': 0.05, 'seed': None}, 'registered_name': None}, 'embeddings_regularizer': None, 'activity_regularizer': None, 'embeddings_constraint': None, 'mask_zero': False}, 'registered_name': None, 'build_config': {'input_shape': (None, 45)}}, {'module': 'keras.layers', 'class_name': 'GlobalMaxPooling1D', 'config': {'name': 'global_max_pooling1d', 'trainable': True, 'dtype': 'float32', 'data_format': 'channels_last', 'keepdims': False}, 'registered_name': None, 'build_config': {'input_shape': (None, 45, 256)}}, {'module': 'keras.layers', 'class_name': 'Dense', 'config': {'name': 'dense_2', 'trainable': True, 'dtype': 'float32', 'units': 22, 'activation': 'softmax', 'use_bias': True, 'kernel_initializer': {'module': 'keras.initializers', 'class_name': 'GlorotUniform', 'config': {'seed': None}, 'registered_name': None}, 'bias_initializer': {'module': 'keras.initializers', 'class_name': 'Zeros', 'config': {}, 'registered_name': None}, 'kernel_regularizer': None, 'bias_regularizer': None, 'kernel_constraint': None, 'bias_constraint': None}, 'registered_name': None, 'build_config': {'input_shape': (None, 256)}}], 'build_input_shape': (None, 45)}",3,7,0.9129475355148315,0.7377199530601501,0.8569599986076355,0.8911111354827881,0.5427282452583313,0.7470470070838928,500,256,10,32,False,False,False,,accuracy,macro,True
test_1019_1254,"{'name': 'sequential_3', 'trainable': True, 'dtype': 'float32', 'layers': [{'module': 'keras.layers', 'class_name': 'InputLayer', 'config': {'batch_shape': (None, 45), 'dtype': 'float32', 'sparse': False, 'name': 'input_layer_2'}, 'registered_name': None}, {'module': 'keras.layers', 'class_name': 'Embedding', 'config': {'name': 'embedding_2', 'trainable': True, 'dtype': 'float32', 'input_dim': 501, 'output_dim': 256, 'embeddings_initializer': {'module': 'keras.initializers', 'class_name': 'RandomUniform', 'config': {'minval': -0.05, 'maxval': 0.05, 'seed': None}, 'registered_name': None}, 'embeddings_regularizer': None, 'activity_regularizer': None, 'embeddings_constraint': None, 'mask_zero': False}, 'registered_name': None, 'build_config': {'input_shape': (None, 45)}}, {'module': 'keras.layers', 'class_name': 'GlobalMaxPooling1D', 'config': {'name': 'global_max_pooling1d', 'trainable': True, 'dtype': 'float32', 'data_format': 'channels_last', 'keepdims': False}, 'registered_name': None, 'build_config': {'input_shape': (None, 45, 256)}}, {'module': 'keras.layers', 'class_name': 'Dense', 'config': {'name': 'dense_2', 'trainable': True, 'dtype': 'float32', 'units': 22, 'activation': 'softmax', 'use_bias': True, 'kernel_initializer': {'module': 'keras.initializers', 'class_name': 'GlorotUniform', 'config': {'seed': None}, 'registered_name': None}, 'bias_initializer': {'module': 'keras.initializers', 'class_name': 'Zeros', 'config': {}, 'registered_name': None}, 'kernel_regularizer': None, 'bias_regularizer': None, 'kernel_constraint': None, 'bias_constraint': None}, 'registered_name': None, 'build_config': {'input_shape': (None, 256)}}], 'build_input_shape': (None, 45)}",3,8,0.9200588464736938,0.7726003527641296,0.6114771962165833,0.9077777862548828,0.5634086728096008,0.5986437201499939,500,256,10,32,False,False,False,,accuracy,macro,True
test_1019_1254,"{'name': 'sequential_3', 'trainable': True, 'dtype': 'float32', 'layers': [{'module': 'keras.layers', 'class_name': 'InputLayer', 'config': {'batch_shape': (None, 45), 'dtype': 'float32', 'sparse': False, 'name': 'input_layer_2'}, 'registered_name': None}, {'module': 'keras.layers', 'class_name': 'Embedding', 'config': {'name': 'embedding_2', 'trainable': True, 'dtype': 'float32', 'input_dim': 501, 'output_dim': 256, 'embeddings_initializer': {'module': 'keras.initializers', 'class_name': 'RandomUniform', 'config': {'minval': -0.05, 'maxval': 0.05, 'seed': None}, 'registered_name': None}, 'embeddings_regularizer': None, 'activity_regularizer': None, 'embeddings_constraint': None, 'mask_zero': False}, 'registered_name': None, 'build_config': {'input_shape': (None, 45)}}, {'module': 'keras.layers', 'class_name': 'GlobalMaxPooling1D', 'config': {'name': 'global_max_pooling1d', 'trainable': True, 'dtype': 'float32', 'data_format': 'channels_last', 'keepdims': False}, 'registered_name': None, 'build_config': {'input_shape': (None, 45, 256)}}, {'module': 'keras.layers', 'class_name': 'Dense', 'config': {'name': 'dense_2', 'trainable': True, 'dtype': 'float32', 'units': 22, 'activation': 'softmax', 'use_bias': True, 'kernel_initializer': {'module': 'keras.initializers', 'class_name': 'GlorotUniform', 'config': {'seed': None}, 'registered_name': None}, 'bias_initializer': {'module': 'keras.initializers', 'class_name': 'Zeros', 'config': {}, 'registered_name': None}, 'kernel_regularizer': None, 'bias_regularizer': None, 'kernel_constraint': None, 'bias_constraint': None}, 'registered_name': None, 'build_config': {'input_shape': (None, 256)}}], 'build_input_shape': (None, 45)}",3,9,0.9293771386146545,0.7809054851531982,0.43361696600914,0.9077777862548828,0.5645872354507446,0.5181248784065247,500,256,10,32,False,False,False,,accuracy,macro,True
test_1019_1254,"{'name': 'sequential_3', 'trainable': True, 'dtype': 'float32', 'layers': [{'module': 'keras.layers', 'class_name': 'InputLayer', 'config': {'batch_shape': (None, 45), 'dtype': 'float32', 'sparse': False, 'name': 'input_layer_2'}, 'registered_name': None}, {'module': 'keras.layers', 'class_name': 'Embedding', 'config': {'name': 'embedding_2', 'trainable': True, 'dtype': 'float32', 'input_dim': 501, 'output_dim': 256, 'embeddings_initializer': {'module': 'keras.initializers', 'class_name': 'RandomUniform', 'config': {'minval': -0.05, 'maxval': 0.05, 'seed': None}, 'registered_name': None}, 'embeddings_regularizer': None, 'activity_regularizer': None, 'embeddings_constraint': None, 'mask_zero': False}, 'registered_name': None, 'build_config': {'input_shape': (None, 45)}}, {'module': 'keras.layers', 'class_name': 'GlobalMaxPooling1D', 'config': {'name': 'global_max_pooling1d', 'trainable': True, 'dtype': 'float32', 'data_format': 'channels_last', 'keepdims': False}, 'registered_name': None, 'build_config': {'input_shape': (None, 45, 256)}}, {'module': 'keras.layers', 'class_name': 'Dense', 'config': {'name': 'dense_2', 'trainable': True, 'dtype': 'float32', 'units': 22, 'activation': 'softmax', 'use_bias': True, 'kernel_initializer': {'module': 'keras.initializers', 'class_name': 'GlorotUniform', 'config': {'seed': None}, 'registered_name': None}, 'bias_initializer': {'module': 'keras.initializers', 'class_name': 'Zeros', 'config': {}, 'registered_name': None}, 'kernel_regularizer': None, 'bias_regularizer': None, 'kernel_constraint': None, 'bias_constraint': None}, 'registered_name': None, 'build_config': {'input_shape': (None, 256)}}], 'build_input_shape': (None, 45)}",3,10,0.9377145767211914,0.8301344513893127,0.312811017036438,0.9111111164093018,0.5553435683250427,0.4417889714241028,500,256,10,32,False,False,False,,accuracy,macro,True
test_1019_1254,"{'name': 'sequential_4', 'trainable': True, 'dtype': 'float32', 'layers': [{'module': 'keras.layers', 'class_name': 'InputLayer', 'config': {'batch_shape': (None, 45), 'dtype': 'float32', 'sparse': False, 'name': 'input_layer_3'}, 'registered_name': None}, {'module': 'keras.layers', 'class_name': 'Embedding', 'config': {'name': 'embedding_3', 'trainable': True, 'dtype': 'float32', 'input_dim': 501, 'output_dim': 256, 'embeddings_initializer': {'module': 'keras.initializers', 'class_name': 'RandomUniform', 'config': {'minval': -0.05, 'maxval': 0.05, 'seed': None}, 'registered_name': None}, 'embeddings_regularizer': None, 'activity_regularizer': None, 'embeddings_constraint': None, 'mask_zero': False}, 'registered_name': None, 'build_config': {'input_shape': (None, 45)}}, {'module': 'keras.layers', 'class_name': 'GlobalMaxPooling1D', 'config': {'name': 'global_max_pooling1d', 'trainable': True, 'dtype': 'float32', 'data_format': 'channels_last', 'keepdims': False}, 'registered_name': None, 'build_config': {'input_shape': (None, 45, 256)}}, {'module': 'keras.layers', 'class_name': 'Dense', 'config': {'name': 'dense_3', 'trainable': True, 'dtype': 'float32', 'units': 22, 'activation': 'softmax', 'use_bias': True, 'kernel_initializer': {'module': 'keras.initializers', 'class_name': 'GlorotUniform', 'config': {'seed': None}, 'registered_name': None}, 'bias_initializer': {'module': 'keras.initializers', 'class_name': 'Zeros', 'config': {}, 'registered_name': None}, 'kernel_regularizer': None, 'bias_regularizer': None, 'kernel_constraint': None, 'bias_constraint': None}, 'registered_name': None, 'build_config': {'input_shape': (None, 256)}}], 'build_input_shape': (None, 45)}",4,1,0.7241294980049133,0.16170582175254822,3.2066311836242676,0.8611111044883728,0.29269036650657654,2.644310712814331,500,256,10,32,False,False,False,,accuracy,macro,True
test_1019_1254,"{'name': 'sequential_4', 'trainable': True, 'dtype': 'float32', 'layers': [{'module': 'keras.layers', 'class_name': 'InputLayer', 'config': {'batch_shape': (None, 45), 'dtype': 'float32', 'sparse': False, 'name': 'input_layer_3'}, 'registered_name': None}, {'module': 'keras.layers', 'class_name': 'Embedding', 'config': {'name': 'embedding_3', 'trainable': True, 'dtype': 'float32', 'input_dim': 501, 'output_dim': 256, 'embeddings_initializer': {'module': 'keras.initializers', 'class_name': 'RandomUniform', 'config': {'minval': -0.05, 'maxval': 0.05, 'seed': None}, 'registered_name': None}, 'embeddings_regularizer': None, 'activity_regularizer': None, 'embeddings_constraint': None, 'mask_zero': False}, 'registered_name': None, 'build_config': {'input_shape': (None, 45)}}, {'module': 'keras.layers', 'class_name': 'GlobalMaxPooling1D', 'config': {'name': 'global_max_pooling1d', 'trainable': True, 'dtype': 'float32', 'data_format': 'channels_last', 'keepdims': False}, 'registered_name': None, 'build_config': {'input_shape': (None, 45, 256)}}, {'module': 'keras.layers', 'class_name': 'Dense', 'config': {'name': 'dense_3', 'trainable': True, 'dtype': 'float32', 'units': 22, 'activation': 'softmax', 'use_bias': True, 'kernel_initializer': {'module': 'keras.initializers', 'class_name': 'GlorotUniform', 'config': {'seed': None}, 'registered_name': None}, 'bias_initializer': {'module': 'keras.initializers', 'class_name': 'Zeros', 'config': {}, 'registered_name': None}, 'kernel_regularizer': None, 'bias_regularizer': None, 'kernel_constraint': None, 'bias_constraint': None}, 'registered_name': None, 'build_config': {'input_shape': (None, 256)}}], 'build_input_shape': (None, 45)}",4,2,0.7719470262527466,0.41639992594718933,2.908848762512207,0.8688889145851135,0.36887654662132263,2.4026906490325928,500,256,10,32,False,False,False,,accuracy,macro,True
test_1019_1254,"{'name': 'sequential_4', 'trainable': True, 'dtype': 'float32', 'layers': [{'module': 'keras.layers', 'class_name': 'InputLayer', 'config': {'batch_shape': (None, 45), 'dtype': 'float32', 'sparse': False, 'name': 'input_layer_3'}, 'registered_name': None}, {'module': 'keras.layers', 'class_name': 'Embedding', 'config': {'name': 'embedding_3', 'trainable': True, 'dtype': 'float32', 'input_dim': 501, 'output_dim': 256, 'embeddings_initializer': {'module': 'keras.initializers', 'class_name': 'RandomUniform', 'config': {'minval': -0.05, 'maxval': 0.05, 'seed': None}, 'registered_name': None}, 'embeddings_regularizer': None, 'activity_regularizer': None, 'embeddings_constraint': None, 'mask_zero': False}, 'registered_name': None, 'build_config': {'input_shape': (None, 45)}}, {'module': 'keras.layers', 'class_name': 'GlobalMaxPooling1D', 'config': {'name': 'global_max_pooling1d', 'trainable': True, 'dtype': 'float32', 'data_format': 'channels_last', 'keepdims': False}, 'registered_name': None, 'build_config': {'input_shape': (None, 45, 256)}}, {'module': 'keras.layers', 'class_name': 'Dense', 'config': {'name': 'dense_3', 'trainable': True, 'dtype': 'float32', 'units': 22, 'activation': 'softmax', 'use_bias': True, 'kernel_initializer': {'module': 'keras.initializers', 'class_name': 'GlorotUniform', 'config': {'seed': None}, 'registered_name': None}, 'bias_initializer': {'module': 'keras.initializers', 'class_name': 'Zeros', 'config': {}, 'registered_name': None}, 'kernel_regularizer': None, 'bias_regularizer': None, 'kernel_constraint': None, 'bias_constraint': None}, 'registered_name': None, 'build_config': {'input_shape': (None, 256)}}], 'build_input_shape': (None, 45)}",4,3,0.8930848240852356,0.5141833424568176,2.5319762229919434,0.8644444346427917,0.40555763244628906,2.0534133911132812,500,256,10,32,False,False,False,,accuracy,macro,True
test_1019_1254,"{'name': 'sequential_4', 'trainable': True, 'dtype': 'float32', 'layers': [{'module': 'keras.layers', 'class_name': 'InputLayer', 'config': {'batch_shape': (None, 45), 'dtype': 'float32', 'sparse': False, 'name': 'input_layer_3'}, 'registered_name': None}, {'module': 'keras.layers', 'class_name': 'Embedding', 'config': {'name': 'embedding_3', 'trainable': True, 'dtype': 'float32', 'input_dim': 501, 'output_dim': 256, 'embeddings_initializer': {'module': 'keras.initializers', 'class_name': 'RandomUniform', 'config': {'minval': -0.05, 'maxval': 0.05, 'seed': None}, 'registered_name': None}, 'embeddings_regularizer': None, 'activity_regularizer': None, 'embeddings_constraint': None, 'mask_zero': False}, 'registered_name': None, 'build_config': {'input_shape': (None, 45)}}, {'module': 'keras.layers', 'class_name': 'GlobalMaxPooling1D', 'config': {'name': 'global_max_pooling1d', 'trainable': True, 'dtype': 'float32', 'data_format': 'channels_last', 'keepdims': False}, 'registered_name': None, 'build_config': {'input_shape': (None, 45, 256)}}, {'module': 'keras.layers', 'class_name': 'Dense', 'config': {'name': 'dense_3', 'trainable': True, 'dtype': 'float32', 'units': 22, 'activation': 'softmax', 'use_bias': True, 'kernel_initializer': {'module': 'keras.initializers', 'class_name': 'GlorotUniform', 'config': {'seed': None}, 'registered_name': None}, 'bias_initializer': {'module': 'keras.initializers', 'class_name': 'Zeros', 'config': {}, 'registered_name': None}, 'kernel_regularizer': None, 'bias_regularizer': None, 'kernel_constraint': None, 'bias_constraint': None}, 'registered_name': None, 'build_config': {'input_shape': (None, 256)}}], 'build_input_shape': (None, 45)}",4,4,0.890877902507782,0.538469135761261,2.08366060256958,0.855555534362793,0.40099331736564636,1.6252537965774536,500,256,10,32,False,False,False,,accuracy,macro,True
test_1019_1254,"{'name': 'sequential_4', 'trainable': True, 'dtype': 'float32', 'layers': [{'module': 'keras.layers', 'class_name': 'InputLayer', 'config': {'batch_shape': (None, 45), 'dtype': 'float32', 'sparse': False, 'name': 'input_layer_3'}, 'registered_name': None}, {'module': 'keras.layers', 'class_name': 'Embedding', 'config': {'name': 'embedding_3', 'trainable': True, 'dtype': 'float32', 'input_dim': 501, 'output_dim': 256, 'embeddings_initializer': {'module': 'keras.initializers', 'class_name': 'RandomUniform', 'config': {'minval': -0.05, 'maxval': 0.05, 'seed': None}, 'registered_name': None}, 'embeddings_regularizer': None, 'activity_regularizer': None, 'embeddings_constraint': None, 'mask_zero': False}, 'registered_name': None, 'build_config': {'input_shape': (None, 45)}}, {'module': 'keras.layers', 'class_name': 'GlobalMaxPooling1D', 'config': {'name': 'global_max_pooling1d', 'trainable': True, 'dtype': 'float32', 'data_format': 'channels_last', 'keepdims': False}, 'registered_name': None, 'build_config': {'input_shape': (None, 45, 256)}}, {'module': 'keras.layers', 'class_name': 'Dense', 'config': {'name': 'dense_3', 'trainable': True, 'dtype': 'float32', 'units': 22, 'activation': 'softmax', 'use_bias': True, 'kernel_initializer': {'module': 'keras.initializers', 'class_name': 'GlorotUniform', 'config': {'seed': None}, 'registered_name': None}, 'bias_initializer': {'module': 'keras.initializers', 'class_name': 'Zeros', 'config': {}, 'registered_name': None}, 'kernel_regularizer': None, 'bias_regularizer': None, 'kernel_constraint': None, 'bias_constraint': None}, 'registered_name': None, 'build_config': {'input_shape': (None, 256)}}], 'build_input_shape': (None, 45)}",4,5,0.895291805267334,0.585768461227417,1.604347586631775,0.8744444251060486,0.45044487714767456,1.2265926599502563,500,256,10,32,False,False,False,,accuracy,macro,True
test_1019_1254,"{'name': 'sequential_4', 'trainable': True, 'dtype': 'float32', 'layers': [{'module': 'keras.layers', 'class_name': 'InputLayer', 'config': {'batch_shape': (None, 45), 'dtype': 'float32', 'sparse': False, 'name': 'input_layer_3'}, 'registered_name': None}, {'module': 'keras.layers', 'class_name': 'Embedding', 'config': {'name': 'embedding_3', 'trainable': True, 'dtype': 'float32', 'input_dim': 501, 'output_dim': 256, 'embeddings_initializer': {'module': 'keras.initializers', 'class_name': 'RandomUniform', 'config': {'minval': -0.05, 'maxval': 0.05, 'seed': None}, 'registered_name': None}, 'embeddings_regularizer': None, 'activity_regularizer': None, 'embeddings_constraint': None, 'mask_zero': False}, 'registered_name': None, 'build_config': {'input_shape': (None, 45)}}, {'module': 'keras.layers', 'class_name': 'GlobalMaxPooling1D', 'config': {'name': 'global_max_pooling1d', 'trainable': True, 'dtype': 'float32', 'data_format': 'channels_last', 'keepdims': False}, 'registered_name': None, 'build_config': {'input_shape': (None, 45, 256)}}, {'module': 'keras.layers', 'class_name': 'Dense', 'config': {'name': 'dense_3', 'trainable': True, 'dtype': 'float32', 'units': 22, 'activation': 'softmax', 'use_bias': True, 'kernel_initializer': {'module': 'keras.initializers', 'class_name': 'GlorotUniform', 'config': {'seed': None}, 'registered_name': None}, 'bias_initializer': {'module': 'keras.initializers', 'class_name': 'Zeros', 'config': {}, 'registered_name': None}, 'kernel_regularizer': None, 'bias_regularizer': None, 'kernel_constraint': None, 'bias_constraint': None}, 'registered_name': None, 'build_config': {'input_shape': (None, 256)}}], 'build_input_shape': (None, 45)}",4,6,0.9063266515731812,0.6917829513549805,1.1711360216140747,0.8877778053283691,0.4855663478374481,0.9257670640945435,500,256,10,32,False,False,False,,accuracy,macro,True
test_1019_1254,"{'name': 'sequential_4', 'trainable': True, 'dtype': 'float32', 'layers': [{'module': 'keras.layers', 'class_name': 'InputLayer', 'config': {'batch_shape': (None, 45), 'dtype': 'float32', 'sparse': False, 'name': 'input_layer_3'}, 'registered_name': None}, {'module': 'keras.layers', 'class_name': 'Embedding', 'config': {'name': 'embedding_3', 'trainable': True, 'dtype': 'float32', 'input_dim': 501, 'output_dim': 256, 'embeddings_initializer': {'module': 'keras.initializers', 'class_name': 'RandomUniform', 'config': {'minval': -0.05, 'maxval': 0.05, 'seed': None}, 'registered_name': None}, 'embeddings_regularizer': None, 'activity_regularizer': None, 'embeddings_constraint': None, 'mask_zero': False}, 'registered_name': None, 'build_config': {'input_shape': (None, 45)}}, {'module': 'keras.layers', 'class_name': 'GlobalMaxPooling1D', 'config': {'name': 'global_max_pooling1d', 'trainable': True, 'dtype': 'float32', 'data_format': 'channels_last', 'keepdims': False}, 'registered_name': None, 'build_config': {'input_shape': (None, 45, 256)}}, {'module': 'keras.layers', 'class_name': 'Dense', 'config': {'name': 'dense_3', 'trainable': True, 'dtype': 'float32', 'units': 22, 'activation': 'softmax', 'use_bias': True, 'kernel_initializer': {'module': 'keras.initializers', 'class_name': 'GlorotUniform', 'config': {'seed': None}, 'registered_name': None}, 'bias_initializer': {'module': 'keras.initializers', 'class_name': 'Zeros', 'config': {}, 'registered_name': None}, 'kernel_regularizer': None, 'bias_regularizer': None, 'kernel_constraint': None, 'bias_constraint': None}, 'registered_name': None, 'build_config': {'input_shape': (None, 256)}}], 'build_input_shape': (None, 45)}",4,7,0.919323205947876,0.7776546478271484,0.8461778163909912,0.902222216129303,0.5340200662612915,0.7207520008087158,500,256,10,32,False,False,False,,accuracy,macro,True
test_1019_1254,"{'name': 'sequential_4', 'trainable': True, 'dtype': 'float32', 'layers': [{'module': 'keras.layers', 'class_name': 'InputLayer', 'config': {'batch_shape': (None, 45), 'dtype': 'float32', 'sparse': False, 'name': 'input_layer_3'}, 'registered_name': None}, {'module': 'keras.layers', 'class_name': 'Embedding', 'config': {'name': 'embedding_3', 'trainable': True, 'dtype': 'float32', 'input_dim': 501, 'output_dim': 256, 'embeddings_initializer': {'module': 'keras.initializers', 'class_name': 'RandomUniform', 'config': {'minval': -0.05, 'maxval': 0.05, 'seed': None}, 'registered_name': None}, 'embeddings_regularizer': None, 'activity_regularizer': None, 'embeddings_constraint': None, 'mask_zero': False}, 'registered_name': None, 'build_config': {'input_shape': (None, 45)}}, {'module': 'keras.layers', 'class_name': 'GlobalMaxPooling1D', 'config': {'name': 'global_max_pooling1d', 'trainable': True, 'dtype': 'float32', 'data_format': 'channels_last', 'keepdims': False}, 'registered_name': None, 'build_config': {'input_shape': (None, 45, 256)}}, {'module': 'keras.layers', 'class_name': 'Dense', 'config': {'name': 'dense_3', 'trainable': True, 'dtype': 'float32', 'units': 22, 'activation': 'softmax', 'use_bias': True, 'kernel_initializer': {'module': 'keras.initializers', 'class_name': 'GlorotUniform', 'config': {'seed': None}, 'registered_name': None}, 'bias_initializer': {'module': 'keras.initializers', 'class_name': 'Zeros', 'config': {}, 'registered_name': None}, 'kernel_regularizer': None, 'bias_regularizer': None, 'kernel_constraint': None, 'bias_constraint': None}, 'registered_name': None, 'build_config': {'input_shape': (None, 256)}}], 'build_input_shape': (None, 45)}",4,8,0.923737108707428,0.7731246948242188,0.6028339266777039,0.9044444561004639,0.5218971967697144,0.5905012488365173,500,256,10,32,False,False,False,,accuracy,macro,True
test_1019_1254,"{'name': 'sequential_4', 'trainable': True, 'dtype': 'float32', 'layers': [{'module': 'keras.layers', 'class_name': 'InputLayer', 'config': {'batch_shape': (None, 45), 'dtype': 'float32', 'sparse': False, 'name': 'input_layer_3'}, 'registered_name': None}, {'module': 'keras.layers', 'class_name': 'Embedding', 'config': {'name': 'embedding_3', 'trainable': True, 'dtype': 'float32', 'input_dim': 501, 'output_dim': 256, 'embeddings_initializer': {'module': 'keras.initializers', 'class_name': 'RandomUniform', 'config': {'minval': -0.05, 'maxval': 0.05, 'seed': None}, 'registered_name': None}, 'embeddings_regularizer': None, 'activity_regularizer': None, 'embeddings_constraint': None, 'mask_zero': False}, 'registered_name': None, 'build_config': {'input_shape': (None, 45)}}, {'module': 'keras.layers', 'class_name': 'GlobalMaxPooling1D', 'config': {'name': 'global_max_pooling1d', 'trainable': True, 'dtype': 'float32', 'data_format': 'channels_last', 'keepdims': False}, 'registered_name': None, 'build_config': {'input_shape': (None, 45, 256)}}, {'module': 'keras.layers', 'class_name': 'Dense', 'config': {'name': 'dense_3', 'trainable': True, 'dtype': 'float32', 'units': 22, 'activation': 'softmax', 'use_bias': True, 'kernel_initializer': {'module': 'keras.initializers', 'class_name': 'GlorotUniform', 'config': {'seed': None}, 'registered_name': None}, 'bias_initializer': {'module': 'keras.initializers', 'class_name': 'Zeros', 'config': {}, 'registered_name': None}, 'kernel_regularizer': None, 'bias_regularizer': None, 'kernel_constraint': None, 'bias_constraint': None}, 'registered_name': None, 'build_config': {'input_shape': (None, 256)}}], 'build_input_shape': (None, 45)}",4,9,0.9308484792709351,0.7629202008247375,0.42251360416412354,0.9111111164093018,0.536031186580658,0.49497467279434204,500,256,10,32,False,False,False,,accuracy,macro,True
test_1019_1254,"{'name': 'sequential_4', 'trainable': True, 'dtype': 'float32', 'layers': [{'module': 'keras.layers', 'class_name': 'InputLayer', 'config': {'batch_shape': (None, 45), 'dtype': 'float32', 'sparse': False, 'name': 'input_layer_3'}, 'registered_name': None}, {'module': 'keras.layers', 'class_name': 'Embedding', 'config': {'name': 'embedding_3', 'trainable': True, 'dtype': 'float32', 'input_dim': 501, 'output_dim': 256, 'embeddings_initializer': {'module': 'keras.initializers', 'class_name': 'RandomUniform', 'config': {'minval': -0.05, 'maxval': 0.05, 'seed': None}, 'registered_name': None}, 'embeddings_regularizer': None, 'activity_regularizer': None, 'embeddings_constraint': None, 'mask_zero': False}, 'registered_name': None, 'build_config': {'input_shape': (None, 45)}}, {'module': 'keras.layers', 'class_name': 'GlobalMaxPooling1D', 'config': {'name': 'global_max_pooling1d', 'trainable': True, 'dtype': 'float32', 'data_format': 'channels_last', 'keepdims': False}, 'registered_name': None, 'build_config': {'input_shape': (None, 45, 256)}}, {'module': 'keras.layers', 'class_name': 'Dense', 'config': {'name': 'dense_3', 'trainable': True, 'dtype': 'float32', 'units': 22, 'activation': 'softmax', 'use_bias': True, 'kernel_initializer': {'module': 'keras.initializers', 'class_name': 'GlorotUniform', 'config': {'seed': None}, 'registered_name': None}, 'bias_initializer': {'module': 'keras.initializers', 'class_name': 'Zeros', 'config': {}, 'registered_name': None}, 'kernel_regularizer': None, 'bias_regularizer': None, 'kernel_constraint': None, 'bias_constraint': None}, 'registered_name': None, 'build_config': {'input_shape': (None, 256)}}], 'build_input_shape': (None, 45)}",4,10,0.9369789361953735,0.7655459046363831,0.3021397590637207,0.9188888669013977,0.5384747385978699,0.4248196482658386,500,256,10,32,False,False,False,,accuracy,macro,True
test_1019_1254,"{'name': 'sequential_5', 'trainable': True, 'dtype': 'float32', 'layers': [{'module': 'keras.layers', 'class_name': 'InputLayer', 'config': {'batch_shape': (None, 45), 'dtype': 'float32', 'sparse': False, 'name': 'input_layer_4'}, 'registered_name': None}, {'module': 'keras.layers', 'class_name': 'Embedding', 'config': {'name': 'embedding_4', 'trainable': True, 'dtype': 'float32', 'input_dim': 501, 'output_dim': 256, 'embeddings_initializer': {'module': 'keras.initializers', 'class_name': 'RandomUniform', 'config': {'minval': -0.05, 'maxval': 0.05, 'seed': None}, 'registered_name': None}, 'embeddings_regularizer': None, 'activity_regularizer': None, 'embeddings_constraint': None, 'mask_zero': False}, 'registered_name': None, 'build_config': {'input_shape': (None, 45)}}, {'module': 'keras.layers', 'class_name': 'GlobalMaxPooling1D', 'config': {'name': 'global_max_pooling1d', 'trainable': True, 'dtype': 'float32', 'data_format': 'channels_last', 'keepdims': False}, 'registered_name': None, 'build_config': {'input_shape': (None, 45, 256)}}, {'module': 'keras.layers', 'class_name': 'Dense', 'config': {'name': 'dense_4', 'trainable': True, 'dtype': 'float32', 'units': 22, 'activation': 'softmax', 'use_bias': True, 'kernel_initializer': {'module': 'keras.initializers', 'class_name': 'GlorotUniform', 'config': {'seed': None}, 'registered_name': None}, 'bias_initializer': {'module': 'keras.initializers', 'class_name': 'Zeros', 'config': {}, 'registered_name': None}, 'kernel_regularizer': None, 'bias_regularizer': None, 'kernel_constraint': None, 'bias_constraint': None}, 'registered_name': None, 'build_config': {'input_shape': (None, 256)}}], 'build_input_shape': (None, 45)}",5,1,0.7628739476203918,0.21347340941429138,3.103299617767334,0.8166666626930237,0.332923948764801,2.75527024269104,500,256,10,32,False,False,False,,accuracy,macro,True
test_1019_1254,"{'name': 'sequential_5', 'trainable': True, 'dtype': 'float32', 'layers': [{'module': 'keras.layers', 'class_name': 'InputLayer', 'config': {'batch_shape': (None, 45), 'dtype': 'float32', 'sparse': False, 'name': 'input_layer_4'}, 'registered_name': None}, {'module': 'keras.layers', 'class_name': 'Embedding', 'config': {'name': 'embedding_4', 'trainable': True, 'dtype': 'float32', 'input_dim': 501, 'output_dim': 256, 'embeddings_initializer': {'module': 'keras.initializers', 'class_name': 'RandomUniform', 'config': {'minval': -0.05, 'maxval': 0.05, 'seed': None}, 'registered_name': None}, 'embeddings_regularizer': None, 'activity_regularizer': None, 'embeddings_constraint': None, 'mask_zero': False}, 'registered_name': None, 'build_config': {'input_shape': (None, 45)}}, {'module': 'keras.layers', 'class_name': 'GlobalMaxPooling1D', 'config': {'name': 'global_max_pooling1d', 'trainable': True, 'dtype': 'float32', 'data_format': 'channels_last', 'keepdims': False}, 'registered_name': None, 'build_config': {'input_shape': (None, 45, 256)}}, {'module': 'keras.layers', 'class_name': 'Dense', 'config': {'name': 'dense_4', 'trainable': True, 'dtype': 'float32', 'units': 22, 'activation': 'softmax', 'use_bias': True, 'kernel_initializer': {'module': 'keras.initializers', 'class_name': 'GlorotUniform', 'config': {'seed': None}, 'registered_name': None}, 'bias_initializer': {'module': 'keras.initializers', 'class_name': 'Zeros', 'config': {}, 'registered_name': None}, 'kernel_regularizer': None, 'bias_regularizer': None, 'kernel_constraint': None, 'bias_constraint': None}, 'registered_name': None, 'build_config': {'input_shape': (None, 256)}}], 'build_input_shape': (None, 45)}",5,2,0.8410986065864563,0.4002288579940796,2.8575282096862793,0.8266666531562805,0.3533550798892975,2.4876129627227783,500,256,10,32,False,False,False,,accuracy,macro,True
test_1019_1254,"{'name': 'sequential_5', 'trainable': True, 'dtype': 'float32', 'layers': [{'module': 'keras.layers', 'class_name': 'InputLayer', 'config': {'batch_shape': (None, 45), 'dtype': 'float32', 'sparse': False, 'name': 'input_layer_4'}, 'registered_name': None}, {'module': 'keras.layers', 'class_name': 'Embedding', 'config': {'name': 'embedding_4', 'trainable': True, 'dtype': 'float32', 'input_dim': 501, 'output_dim': 256, 'embeddings_initializer': {'module': 'keras.initializers', 'class_name': 'RandomUniform', 'config': {'minval': -0.05, 'maxval': 0.05, 'seed': None}, 'registered_name': None}, 'embeddings_regularizer': None, 'activity_regularizer': None, 'embeddings_constraint': None, 'mask_zero': False}, 'registered_name': None, 'build_config': {'input_shape': (None, 45)}}, {'module': 'keras.layers', 'class_name': 'GlobalMaxPooling1D', 'config': {'name': 'global_max_pooling1d', 'trainable': True, 'dtype': 'float32', 'data_format': 'channels_last', 'keepdims': False}, 'registered_name': None, 'build_config': {'input_shape': (None, 45, 256)}}, {'module': 'keras.layers', 'class_name': 'Dense', 'config': {'name': 'dense_4', 'trainable': True, 'dtype': 'float32', 'units': 22, 'activation': 'softmax', 'use_bias': True, 'kernel_initializer': {'module': 'keras.initializers', 'class_name': 'GlorotUniform', 'config': {'seed': None}, 'registered_name': None}, 'bias_initializer': {'module': 'keras.initializers', 'class_name': 'Zeros', 'config': {}, 'registered_name': None}, 'kernel_regularizer': None, 'bias_regularizer': None, 'kernel_constraint': None, 'bias_constraint': None}, 'registered_name': None, 'build_config': {'input_shape': (None, 256)}}], 'build_input_shape': (None, 45)}",5,3,0.867091715335846,0.5106901526451111,2.4717044830322266,0.8722222447395325,0.4051510989665985,1.9755338430404663,500,256,10,32,False,False,False,,accuracy,macro,True
test_1019_1254,"{'name': 'sequential_5', 'trainable': True, 'dtype': 'float32', 'layers': [{'module': 'keras.layers', 'class_name': 'InputLayer', 'config': {'batch_shape': (None, 45), 'dtype': 'float32', 'sparse': False, 'name': 'input_layer_4'}, 'registered_name': None}, {'module': 'keras.layers', 'class_name': 'Embedding', 'config': {'name': 'embedding_4', 'trainable': True, 'dtype': 'float32', 'input_dim': 501, 'output_dim': 256, 'embeddings_initializer': {'module': 'keras.initializers', 'class_name': 'RandomUniform', 'config': {'minval': -0.05, 'maxval': 0.05, 'seed': None}, 'registered_name': None}, 'embeddings_regularizer': None, 'activity_regularizer': None, 'embeddings_constraint': None, 'mask_zero': False}, 'registered_name': None, 'build_config': {'input_shape': (None, 45)}}, {'module': 'keras.layers', 'class_name': 'GlobalMaxPooling1D', 'config': {'name': 'global_max_pooling1d', 'trainable': True, 'dtype': 'float32', 'data_format': 'channels_last', 'keepdims': False}, 'registered_name': None, 'build_config': {'input_shape': (None, 45, 256)}}, {'module': 'keras.layers', 'class_name': 'Dense', 'config': {'name': 'dense_4', 'trainable': True, 'dtype': 'float32', 'units': 22, 'activation': 'softmax', 'use_bias': True, 'kernel_initializer': {'module': 'keras.initializers', 'class_name': 'GlorotUniform', 'config': {'seed': None}, 'registered_name': None}, 'bias_initializer': {'module': 'keras.initializers', 'class_name': 'Zeros', 'config': {}, 'registered_name': None}, 'kernel_regularizer': None, 'bias_regularizer': None, 'kernel_constraint': None, 'bias_constraint': None}, 'registered_name': None, 'build_config': {'input_shape': (None, 256)}}], 'build_input_shape': (None, 45)}",5,4,0.9063266515731812,0.5507526397705078,2.0122475624084473,0.8899999856948853,0.4523066282272339,1.464435338973999,500,256,10,32,False,False,False,,accuracy,macro,True
test_1019_1254,"{'name': 'sequential_5', 'trainable': True, 'dtype': 'float32', 'layers': [{'module': 'keras.layers', 'class_name': 'InputLayer', 'config': {'batch_shape': (None, 45), 'dtype': 'float32', 'sparse': False, 'name': 'input_layer_4'}, 'registered_name': None}, {'module': 'keras.layers', 'class_name': 'Embedding', 'config': {'name': 'embedding_4', 'trainable': True, 'dtype': 'float32', 'input_dim': 501, 'output_dim': 256, 'embeddings_initializer': {'module': 'keras.initializers', 'class_name': 'RandomUniform', 'config': {'minval': -0.05, 'maxval': 0.05, 'seed': None}, 'registered_name': None}, 'embeddings_regularizer': None, 'activity_regularizer': None, 'embeddings_constraint': None, 'mask_zero': False}, 'registered_name': None, 'build_config': {'input_shape': (None, 45)}}, {'module': 'keras.layers', 'class_name': 'GlobalMaxPooling1D', 'config': {'name': 'global_max_pooling1d', 'trainable': True, 'dtype': 'float32', 'data_format': 'channels_last', 'keepdims': False}, 'registered_name': None, 'build_config': {'input_shape': (None, 45, 256)}}, {'module': 'keras.layers', 'class_name': 'Dense', 'config': {'name': 'dense_4', 'trainable': True, 'dtype': 'float32', 'units': 22, 'activation': 'softmax', 'use_bias': True, 'kernel_initializer': {'module': 'keras.initializers', 'class_name': 'GlorotUniform', 'config': {'seed': None}, 'registered_name': None}, 'bias_initializer': {'module': 'keras.initializers', 'class_name': 'Zeros', 'config': {}, 'registered_name': None}, 'kernel_regularizer': None, 'bias_regularizer': None, 'kernel_constraint': None, 'bias_constraint': None}, 'registered_name': None, 'build_config': {'input_shape': (None, 256)}}], 'build_input_shape': (None, 45)}",5,5,0.9171162247657776,0.5746379494667053,1.5509988069534302,0.8911111354827881,0.49228352308273315,1.1357523202896118,500,256,10,32,False,False,False,,accuracy,macro,True
test_1019_1254,"{'name': 'sequential_5', 'trainable': True, 'dtype': 'float32', 'layers': [{'module': 'keras.layers', 'class_name': 'InputLayer', 'config': {'batch_shape': (None, 45), 'dtype': 'float32', 'sparse': False, 'name': 'input_layer_4'}, 'registered_name': None}, {'module': 'keras.layers', 'class_name': 'Embedding', 'config': {'name': 'embedding_4', 'trainable': True, 'dtype': 'float32', 'input_dim': 501, 'output_dim': 256, 'embeddings_initializer': {'module': 'keras.initializers', 'class_name': 'RandomUniform', 'config': {'minval': -0.05, 'maxval': 0.05, 'seed': None}, 'registered_name': None}, 'embeddings_regularizer': None, 'activity_regularizer': None, 'embeddings_constraint': None, 'mask_zero': False}, 'registered_name': None, 'build_config': {'input_shape': (None, 45)}}, {'module': 'keras.layers', 'class_name': 'GlobalMaxPooling1D', 'config': {'name': 'global_max_pooling1d', 'trainable': True, 'dtype': 'float32', 'data_format': 'channels_last', 'keepdims': False}, 'registered_name': None, 'build_config': {'input_shape': (None, 45, 256)}}, {'module': 'keras.layers', 'class_name': 'Dense', 'config': {'name': 'dense_4', 'trainable': True, 'dtype': 'float32', 'units': 22, 'activation': 'softmax', 'use_bias': True, 'kernel_initializer': {'module': 'keras.initializers', 'class_name': 'GlorotUniform', 'config': {'seed': None}, 'registered_name': None}, 'bias_initializer': {'module': 'keras.initializers', 'class_name': 'Zeros', 'config': {}, 'registered_name': None}, 'kernel_regularizer': None, 'bias_regularizer': None, 'kernel_constraint': None, 'bias_constraint': None}, 'registered_name': None, 'build_config': {'input_shape': (None, 256)}}], 'build_input_shape': (None, 45)}",5,6,0.9168710112571716,0.7814206480979919,1.1282862424850464,0.898888885974884,0.509276807308197,0.8044562935829163,500,256,10,32,False,False,False,,accuracy,macro,True
test_1019_1254,"{'name': 'sequential_5', 'trainable': True, 'dtype': 'float32', 'layers': [{'module': 'keras.layers', 'class_name': 'InputLayer', 'config': {'batch_shape': (None, 45), 'dtype': 'float32', 'sparse': False, 'name': 'input_layer_4'}, 'registered_name': None}, {'module': 'keras.layers', 'class_name': 'Embedding', 'config': {'name': 'embedding_4', 'trainable': True, 'dtype': 'float32', 'input_dim': 501, 'output_dim': 256, 'embeddings_initializer': {'module': 'keras.initializers', 'class_name': 'RandomUniform', 'config': {'minval': -0.05, 'maxval': 0.05, 'seed': None}, 'registered_name': None}, 'embeddings_regularizer': None, 'activity_regularizer': None, 'embeddings_constraint': None, 'mask_zero': False}, 'registered_name': None, 'build_config': {'input_shape': (None, 45)}}, {'module': 'keras.layers', 'class_name': 'GlobalMaxPooling1D', 'config': {'name': 'global_max_pooling1d', 'trainable': True, 'dtype': 'float32', 'data_format': 'channels_last', 'keepdims': False}, 'registered_name': None, 'build_config': {'input_shape': (None, 45, 256)}}, {'module': 'keras.layers', 'class_name': 'Dense', 'config': {'name': 'dense_4', 'trainable': True, 'dtype': 'float32', 'units': 22, 'activation': 'softmax', 'use_bias': True, 'kernel_initializer': {'module': 'keras.initializers', 'class_name': 'GlorotUniform', 'config': {'seed': None}, 'registered_name': None}, 'bias_initializer': {'module': 'keras.initializers', 'class_name': 'Zeros', 'config': {}, 'registered_name': None}, 'kernel_regularizer': None, 'bias_regularizer': None, 'kernel_constraint': None, 'bias_constraint': None}, 'registered_name': None, 'build_config': {'input_shape': (None, 256)}}], 'build_input_shape': (None, 45)}",5,7,0.9217754006385803,0.7998932003974915,0.8158521056175232,0.9055555462837219,0.5715461373329163,0.641693651676178,500,256,10,32,False,False,False,,accuracy,macro,True
test_1019_1254,"{'name': 'sequential_5', 'trainable': True, 'dtype': 'float32', 'layers': [{'module': 'keras.layers', 'class_name': 'InputLayer', 'config': {'batch_shape': (None, 45), 'dtype': 'float32', 'sparse': False, 'name': 'input_layer_4'}, 'registered_name': None}, {'module': 'keras.layers', 'class_name': 'Embedding', 'config': {'name': 'embedding_4', 'trainable': True, 'dtype': 'float32', 'input_dim': 501, 'output_dim': 256, 'embeddings_initializer': {'module': 'keras.initializers', 'class_name': 'RandomUniform', 'config': {'minval': -0.05, 'maxval': 0.05, 'seed': None}, 'registered_name': None}, 'embeddings_regularizer': None, 'activity_regularizer': None, 'embeddings_constraint': None, 'mask_zero': False}, 'registered_name': None, 'build_config': {'input_shape': (None, 45)}}, {'module': 'keras.layers', 'class_name': 'GlobalMaxPooling1D', 'config': {'name': 'global_max_pooling1d', 'trainable': True, 'dtype': 'float32', 'data_format': 'channels_last', 'keepdims': False}, 'registered_name': None, 'build_config': {'input_shape': (None, 45, 256)}}, {'module': 'keras.layers', 'class_name': 'Dense', 'config': {'name': 'dense_4', 'trainable': True, 'dtype': 'float32', 'units': 22, 'activation': 'softmax', 'use_bias': True, 'kernel_initializer': {'module': 'keras.initializers', 'class_name': 'GlorotUniform', 'config': {'seed': None}, 'registered_name': None}, 'bias_initializer': {'module': 'keras.initializers', 'class_name': 'Zeros', 'config': {}, 'registered_name': None}, 'kernel_regularizer': None, 'bias_regularizer': None, 'kernel_constraint': None, 'bias_constraint': None}, 'registered_name': None, 'build_config': {'input_shape': (None, 256)}}], 'build_input_shape': (None, 45)}",5,8,0.9315841197967529,0.7885799407958984,0.5756513476371765,0.9088888764381409,0.5824310183525085,0.5563091039657593,500,256,10,32,False,False,False,,accuracy,macro,True
test_1019_1254,"{'name': 'sequential_5', 'trainable': True, 'dtype': 'float32', 'layers': [{'module': 'keras.layers', 'class_name': 'InputLayer', 'config': {'batch_shape': (None, 45), 'dtype': 'float32', 'sparse': False, 'name': 'input_layer_4'}, 'registered_name': None}, {'module': 'keras.layers', 'class_name': 'Embedding', 'config': {'name': 'embedding_4', 'trainable': True, 'dtype': 'float32', 'input_dim': 501, 'output_dim': 256, 'embeddings_initializer': {'module': 'keras.initializers', 'class_name': 'RandomUniform', 'config': {'minval': -0.05, 'maxval': 0.05, 'seed': None}, 'registered_name': None}, 'embeddings_regularizer': None, 'activity_regularizer': None, 'embeddings_constraint': None, 'mask_zero': False}, 'registered_name': None, 'build_config': {'input_shape': (None, 45)}}, {'module': 'keras.layers', 'class_name': 'GlobalMaxPooling1D', 'config': {'name': 'global_max_pooling1d', 'trainable': True, 'dtype': 'float32', 'data_format': 'channels_last', 'keepdims': False}, 'registered_name': None, 'build_config': {'input_shape': (None, 45, 256)}}, {'module': 'keras.layers', 'class_name': 'Dense', 'config': {'name': 'dense_4', 'trainable': True, 'dtype': 'float32', 'units': 22, 'activation': 'softmax', 'use_bias': True, 'kernel_initializer': {'module': 'keras.initializers', 'class_name': 'GlorotUniform', 'config': {'seed': None}, 'registered_name': None}, 'bias_initializer': {'module': 'keras.initializers', 'class_name': 'Zeros', 'config': {}, 'registered_name': None}, 'kernel_regularizer': None, 'bias_regularizer': None, 'kernel_constraint': None, 'bias_constraint': None}, 'registered_name': None, 'build_config': {'input_shape': (None, 256)}}], 'build_input_shape': (None, 45)}",5,9,0.9303579926490784,0.7736610174179077,0.40590012073516846,0.9133333563804626,0.5926283597946167,0.46418634057044983,500,256,10,32,False,False,False,,accuracy,macro,True
test_1019_1254,"{'name': 'sequential_5', 'trainable': True, 'dtype': 'float32', 'layers': [{'module': 'keras.layers', 'class_name': 'InputLayer', 'config': {'batch_shape': (None, 45), 'dtype': 'float32', 'sparse': False, 'name': 'input_layer_4'}, 'registered_name': None}, {'module': 'keras.layers', 'class_name': 'Embedding', 'config': {'name': 'embedding_4', 'trainable': True, 'dtype': 'float32', 'input_dim': 501, 'output_dim': 256, 'embeddings_initializer': {'module': 'keras.initializers', 'class_name': 'RandomUniform', 'config': {'minval': -0.05, 'maxval': 0.05, 'seed': None}, 'registered_name': None}, 'embeddings_regularizer': None, 'activity_regularizer': None, 'embeddings_constraint': None, 'mask_zero': False}, 'registered_name': None, 'build_config': {'input_shape': (None, 45)}}, {'module': 'keras.layers', 'class_name': 'GlobalMaxPooling1D', 'config': {'name': 'global_max_pooling1d', 'trainable': True, 'dtype': 'float32', 'data_format': 'channels_last', 'keepdims': False}, 'registered_name': None, 'build_config': {'input_shape': (None, 45, 256)}}, {'module': 'keras.layers', 'class_name': 'Dense', 'config': {'name': 'dense_4', 'trainable': True, 'dtype': 'float32', 'units': 22, 'activation': 'softmax', 'use_bias': True, 'kernel_initializer': {'module': 'keras.initializers', 'class_name': 'GlorotUniform', 'config': {'seed': None}, 'registered_name': None}, 'bias_initializer': {'module': 'keras.initializers', 'class_name': 'Zeros', 'config': {}, 'registered_name': None}, 'kernel_regularizer': None, 'bias_regularizer': None, 'kernel_constraint': None, 'bias_constraint': None}, 'registered_name': None, 'build_config': {'input_shape': (None, 256)}}], 'build_input_shape': (None, 45)}",5,10,0.9367337226867676,0.797685444355011,0.2928818464279175,0.9233333468437195,0.6058964729309082,0.40146175026893616,500,256,10,32,False,False,False,,accuracy,macro,True
